704d491c155aad996f16377a35732cb4,T1497.001,-1
704d491c155aad996f16377a35732cb4,T1057,-1
704d491c155aad996f16377a35732cb4,T1016,-1
704d491c155aad996f16377a35732cb4,T1083,-1
704d491c155aad996f16377a35732cb4,T1082,-1
704d491c155aad996f16377a35732cb4,T1518,-1
704d491c155aad996f16377a35732cb4,T1071,-1
704d491c155aad996f16377a35732cb4,T1571,-1
704d491c155aad996f16377a35732cb4,T1573,-1
704d491c155aad996f16377a35732cb4,T1129,-1
704d491c155aad996f16377a35732cb4,T1113,-1
704d491c155aad996f16377a35732cb4,T1497.001,5
704d491c155aad996f16377a35732cb4,T1027,5
704d491c155aad996f16377a35732cb4,T1070.006,1
1c53e7269fe9d84c6df0a25ba59b822c,T1082,-1
1c53e7269fe9d84c6df0a25ba59b822c,T1218.011,5
1c53e7269fe9d84c6df0a25ba59b822c,T1027.005,5
1c53e7269fe9d84c6df0a25ba59b822c,T1027,5
1c53e7269fe9d84c6df0a25ba59b822c,T1055,5
1c53e7269fe9d84c6df0a25ba59b822c,T1055,-1
1c53e7269fe9d84c6df0a25ba59b822c,T1129,-1
ef9db20ab0eebf0b7c55af4ec0b7bced,T1497,-1
ef9db20ab0eebf0b7c55af4ec0b7bced,T1082,-1
ef9db20ab0eebf0b7c55af4ec0b7bced,T1016,-1
ef9db20ab0eebf0b7c55af4ec0b7bced,T1573,-1
ef9db20ab0eebf0b7c55af4ec0b7bced,T1071,-1
ef9db20ab0eebf0b7c55af4ec0b7bced,T1497,5
ef9db20ab0eebf0b7c55af4ec0b7bced,T1005,-1
77b50bb476a85a7aa30c962a389838aa,T1016,-1
77b50bb476a85a7aa30c962a389838aa,T1083,-1
77b50bb476a85a7aa30c962a389838aa,T1497,-1
77b50bb476a85a7aa30c962a389838aa,T1124,-1
77b50bb476a85a7aa30c962a389838aa,T1082,-1
77b50bb476a85a7aa30c962a389838aa,T1095,-1
77b50bb476a85a7aa30c962a389838aa,T1071,-1
77b50bb476a85a7aa30c962a389838aa,T1573,-1
77b50bb476a85a7aa30c962a389838aa,T1027.005,5
77b50bb476a85a7aa30c962a389838aa,T1497,5
77b50bb476a85a7aa30c962a389838aa,T1027,5
77b50bb476a85a7aa30c962a389838aa,T1005,-1
77b50bb476a85a7aa30c962a389838aa,T1129,-1
ca67f84d5a4ac1459934128442c53b03,T1497.001,-1
ca67f84d5a4ac1459934128442c53b03,T1082,-1
ca67f84d5a4ac1459934128442c53b03,T1518,-1
ca67f84d5a4ac1459934128442c53b03,T1057,-1
ca67f84d5a4ac1459934128442c53b03,T1218.011,5
ca67f84d5a4ac1459934128442c53b03,T1497.001,5
ca67f84d5a4ac1459934128442c53b03,T1055,5
ca67f84d5a4ac1459934128442c53b03,T1055,-1
ca67f84d5a4ac1459934128442c53b03,T1129,-1
3229a6cea658b1b3ca5ca9ad7b40d8d4,T1546.001,-1
3229a6cea658b1b3ca5ca9ad7b40d8d4,T1129,-1
3229a6cea658b1b3ca5ca9ad7b40d8d4,T1005,-1
3229a6cea658b1b3ca5ca9ad7b40d8d4,T1124,-1
3229a6cea658b1b3ca5ca9ad7b40d8d4,T1614.001,-1
3229a6cea658b1b3ca5ca9ad7b40d8d4,T1016,-1
3229a6cea658b1b3ca5ca9ad7b40d8d4,T1546.001,-1
6ab301fc3296e1ceb140bf5d294894c5,T1129,-1
6ab301fc3296e1ceb140bf5d294894c5,T1005,-1
6ab301fc3296e1ceb140bf5d294894c5,T1124,-1
6ab301fc3296e1ceb140bf5d294894c5,T1016,-1
6ab301fc3296e1ceb140bf5d294894c5,T1036.005,1
10b28da8eefac62ce282154f273b3e34,T1543.003,-1
10b28da8eefac62ce282154f273b3e34,T1569.002,-1
10b28da8eefac62ce282154f273b3e34,T1497.001,-1
10b28da8eefac62ce282154f273b3e34,T1082,-1
10b28da8eefac62ce282154f273b3e34,T1518,-1
10b28da8eefac62ce282154f273b3e34,T1057,-1
10b28da8eefac62ce282154f273b3e34,T1497.001,5
10b28da8eefac62ce282154f273b3e34,T1036.005,1
10b28da8eefac62ce282154f273b3e34,T1543.003,-1
bfb41bc0c3856aa0a81a5256b7b8da51,T1082,-1
bf474b8acd55380b1169bb949d60e9e4,T1543.003,-1
bf474b8acd55380b1169bb949d60e9e4,T1497.001,-1
bf474b8acd55380b1169bb949d60e9e4,T1057,-1
bf474b8acd55380b1169bb949d60e9e4,T1518,-1
bf474b8acd55380b1169bb949d60e9e4,T1082,-1
bf474b8acd55380b1169bb949d60e9e4,T1036,1
bf474b8acd55380b1169bb949d60e9e4,T1497.001,5
bf474b8acd55380b1169bb949d60e9e4,T1055,5
bf474b8acd55380b1169bb949d60e9e4,T1036.005,1
bf474b8acd55380b1169bb949d60e9e4,T1543.003,-1
bf474b8acd55380b1169bb949d60e9e4,T1055,-1
bf474b8acd55380b1169bb949d60e9e4,T1569.002,-1
60294c426865b38fde7c5031afc4e453,T1497.001,-1
60294c426865b38fde7c5031afc4e453,T1057,-1
60294c426865b38fde7c5031afc4e453,T1083,-1
60294c426865b38fde7c5031afc4e453,T1082,-1
60294c426865b38fde7c5031afc4e453,T1518,-1
60294c426865b38fde7c5031afc4e453,T1497.001,5
60294c426865b38fde7c5031afc4e453,T1055,5
60294c426865b38fde7c5031afc4e453,T1027.005,5
60294c426865b38fde7c5031afc4e453,T1027,5
60294c426865b38fde7c5031afc4e453,T1218.011,5
60294c426865b38fde7c5031afc4e453,T1055,-1
60294c426865b38fde7c5031afc4e453,T1129,-1
00b0cfb59b088b247c97c8fed383c115,T1518.001,-1
00b0cfb59b088b247c97c8fed383c115,T1083,-1
00b0cfb59b088b247c97c8fed383c115,T1497,-1
00b0cfb59b088b247c97c8fed383c115,T1082,-1
00b0cfb59b088b247c97c8fed383c115,T1218.011,5
00b0cfb59b088b247c97c8fed383c115,T1027.005,5
00b0cfb59b088b247c97c8fed383c115,T1497,5
00b0cfb59b088b247c97c8fed383c115,T1027,5
00b0cfb59b088b247c97c8fed383c115,T1129,-1
aa7924157b77dd1ff749d474f3062f90,T1129,-1
aa7924157b77dd1ff749d474f3062f90,T1497.001,-1
aa7924157b77dd1ff749d474f3062f90,T1082,-1
aa7924157b77dd1ff749d474f3062f90,T1518,-1
aa7924157b77dd1ff749d474f3062f90,T1057,-1
aa7924157b77dd1ff749d474f3062f90,T1497.001,5
9722bc9e0efb4214116066d1ff14094c,T1018,-1
9722bc9e0efb4214116066d1ff14094c,T1497,-1
9722bc9e0efb4214116066d1ff14094c,T1518.001,-1
9722bc9e0efb4214116066d1ff14094c,T1082,-1
9722bc9e0efb4214116066d1ff14094c,T1095,-1
9722bc9e0efb4214116066d1ff14094c,T1071,-1
9722bc9e0efb4214116066d1ff14094c,T1218.011,5
9722bc9e0efb4214116066d1ff14094c,T1497,5
9722bc9e0efb4214116066d1ff14094c,T1055,5
9722bc9e0efb4214116066d1ff14094c,T1055,-1
9722bc9e0efb4214116066d1ff14094c,T1129,-1
c68578c2f554dd4035d61a0bf31b50cb,T1124,-1
c68578c2f554dd4035d61a0bf31b50cb,T1497,-1
c68578c2f554dd4035d61a0bf31b50cb,T1082,-1
c68578c2f554dd4035d61a0bf31b50cb,T1573,-1
c68578c2f554dd4035d61a0bf31b50cb,T1071,-1
c68578c2f554dd4035d61a0bf31b50cb,T1497,5
23e27e5482e3f55bf828dab885569033,T1083,-1
23e27e5482e3f55bf828dab885569033,T1082,-1
23e27e5482e3f55bf828dab885569033,T1016,-1
23e27e5482e3f55bf828dab885569033,T1129,-1
23e27e5482e3f55bf828dab885569033,T1059,-1
23e27e5482e3f55bf828dab885569033,T1027,5
34e56056e5741f33d823859e77235ed9,T1091,-1
34e56056e5741f33d823859e77235ed9,T1091,5
34e56056e5741f33d823859e77235ed9,T1497.001,-1
34e56056e5741f33d823859e77235ed9,T1124,-1
34e56056e5741f33d823859e77235ed9,T1033,-1
34e56056e5741f33d823859e77235ed9,T1087.001,-1
34e56056e5741f33d823859e77235ed9,T1016,-1
34e56056e5741f33d823859e77235ed9,T1497,-1
34e56056e5741f33d823859e77235ed9,T1518.001,-1
34e56056e5741f33d823859e77235ed9,T1120,-1
34e56056e5741f33d823859e77235ed9,T1082,-1
34e56056e5741f33d823859e77235ed9,T1071,-1
34e56056e5741f33d823859e77235ed9,T1573,-1
34e56056e5741f33d823859e77235ed9,T1497.001,5
34e56056e5741f33d823859e77235ed9,T1497,5
34e56056e5741f33d823859e77235ed9,T1027,5
34e56056e5741f33d823859e77235ed9,T1027.005,5
34e56056e5741f33d823859e77235ed9,T1005,-1
34e56056e5741f33d823859e77235ed9,T1129,-1
170a55f7c0448f1741e60b01dcec9cfb,T1091,5
170a55f7c0448f1741e60b01dcec9cfb,T1091,-1
170a55f7c0448f1741e60b01dcec9cfb,T1497.001,-1
170a55f7c0448f1741e60b01dcec9cfb,T1124,-1
170a55f7c0448f1741e60b01dcec9cfb,T1033,-1
170a55f7c0448f1741e60b01dcec9cfb,T1087.001,-1
170a55f7c0448f1741e60b01dcec9cfb,T1016,-1
170a55f7c0448f1741e60b01dcec9cfb,T1497,-1
170a55f7c0448f1741e60b01dcec9cfb,T1518.001,-1
170a55f7c0448f1741e60b01dcec9cfb,T1120,-1
170a55f7c0448f1741e60b01dcec9cfb,T1082,-1
170a55f7c0448f1741e60b01dcec9cfb,T1071,-1
170a55f7c0448f1741e60b01dcec9cfb,T1573,-1
170a55f7c0448f1741e60b01dcec9cfb,T1497.001,5
170a55f7c0448f1741e60b01dcec9cfb,T1055,5
170a55f7c0448f1741e60b01dcec9cfb,T1027,5
170a55f7c0448f1741e60b01dcec9cfb,T1036.005,1
170a55f7c0448f1741e60b01dcec9cfb,T1218.011,5
170a55f7c0448f1741e60b01dcec9cfb,T1497,5
170a55f7c0448f1741e60b01dcec9cfb,T1036,1
170a55f7c0448f1741e60b01dcec9cfb,T1055,-1
170a55f7c0448f1741e60b01dcec9cfb,T1129,-1
170a55f7c0448f1741e60b01dcec9cfb,T1005,-1
868036e102df4ce414b0e6700825b319,T1547.001,-1
868036e102df4ce414b0e6700825b319,T1057,-1
868036e102df4ce414b0e6700825b319,T1083,-1
868036e102df4ce414b0e6700825b319,T1012,-1
868036e102df4ce414b0e6700825b319,T1082,-1
868036e102df4ce414b0e6700825b319,T1518,-1
868036e102df4ce414b0e6700825b319,T1055,5
868036e102df4ce414b0e6700825b319,T1564.001,1
868036e102df4ce414b0e6700825b319,T1055.003,5
868036e102df4ce414b0e6700825b319,T1027.005,5
868036e102df4ce414b0e6700825b319,T1036.005,1
868036e102df4ce414b0e6700825b319,T1620,5
868036e102df4ce414b0e6700825b319,T1055.001,5
868036e102df4ce414b0e6700825b319,T1134,5
868036e102df4ce414b0e6700825b319,T1055,-1
868036e102df4ce414b0e6700825b319,T1055.003,-1
868036e102df4ce414b0e6700825b319,T1547.001,-1
868036e102df4ce414b0e6700825b319,T1055.001,-1
868036e102df4ce414b0e6700825b319,T1134,-1
868036e102df4ce414b0e6700825b319,T1129,-1
07d2b057d2385a4cdf413e8d342305df,T1083,-1
07d2b057d2385a4cdf413e8d342305df,T1497.001,-1
07d2b057d2385a4cdf413e8d342305df,T1082,-1
07d2b057d2385a4cdf413e8d342305df,T1543.003,-1
07d2b057d2385a4cdf413e8d342305df,T1129,-1
07d2b057d2385a4cdf413e8d342305df,T1569.002,-1
07d2b057d2385a4cdf413e8d342305df,T1059,-1
07d2b057d2385a4cdf413e8d342305df,T1497.001,5
07d2b057d2385a4cdf413e8d342305df,T1027.005,5
07d2b057d2385a4cdf413e8d342305df,T1027,5
07d2b057d2385a4cdf413e8d342305df,T1543.003,-1
5c3898ac7670da30cf0b22075f3e8ed6,T1497.001,-1
5c3898ac7670da30cf0b22075f3e8ed6,T1016,-1
5c3898ac7670da30cf0b22075f3e8ed6,T1083,-1
5c3898ac7670da30cf0b22075f3e8ed6,T1124,-1
5c3898ac7670da30cf0b22075f3e8ed6,T1082,-1
5c3898ac7670da30cf0b22075f3e8ed6,T1071,-1
5c3898ac7670da30cf0b22075f3e8ed6,T1571,-1
5c3898ac7670da30cf0b22075f3e8ed6,T1573,-1
5c3898ac7670da30cf0b22075f3e8ed6,T1129,-1
5c3898ac7670da30cf0b22075f3e8ed6,T1497.001,5
5c3898ac7670da30cf0b22075f3e8ed6,T1027.005,5
5c3898ac7670da30cf0b22075f3e8ed6,T1027,5
38fc56965dccd18f39f8a945f6ebc439,T1091,-1
38fc56965dccd18f39f8a945f6ebc439,T1091,5
38fc56965dccd18f39f8a945f6ebc439,T1497.001,-1
38fc56965dccd18f39f8a945f6ebc439,T1033,-1
38fc56965dccd18f39f8a945f6ebc439,T1087.001,-1
38fc56965dccd18f39f8a945f6ebc439,T1016,-1
38fc56965dccd18f39f8a945f6ebc439,T1497,-1
38fc56965dccd18f39f8a945f6ebc439,T1518.001,-1
38fc56965dccd18f39f8a945f6ebc439,T1120,-1
38fc56965dccd18f39f8a945f6ebc439,T1082,-1
38fc56965dccd18f39f8a945f6ebc439,T1071,-1
38fc56965dccd18f39f8a945f6ebc439,T1573,-1
38fc56965dccd18f39f8a945f6ebc439,T1497.001,5
38fc56965dccd18f39f8a945f6ebc439,T1497,5
38fc56965dccd18f39f8a945f6ebc439,T1027,5
38fc56965dccd18f39f8a945f6ebc439,T1027.005,5
38fc56965dccd18f39f8a945f6ebc439,T1005,-1
38fc56965dccd18f39f8a945f6ebc439,T1129,-1
42682d4a78fe5c2eda988185a344637d,T1129,-1
42682d4a78fe5c2eda988185a344637d,T1083,-1
42682d4a78fe5c2eda988185a344637d,T1082,-1
42682d4a78fe5c2eda988185a344637d,T1016,-1
42682d4a78fe5c2eda988185a344637d,T1027.005,5
42682d4a78fe5c2eda988185a344637d,T1027,5
c5dc53a540abe95e02008a04a0d56d6c,T1129,-1
c5dc53a540abe95e02008a04a0d56d6c,T1059,-1
c5dc53a540abe95e02008a04a0d56d6c,T1083,-1
c5dc53a540abe95e02008a04a0d56d6c,T1082,-1
c5dc53a540abe95e02008a04a0d56d6c,T1016,-1
c5dc53a540abe95e02008a04a0d56d6c,T1027,5
61e3571b8d9b2e9ccfadc3dde10fb6e1,T1543.003,-1
61e3571b8d9b2e9ccfadc3dde10fb6e1,T1129,-1
61e3571b8d9b2e9ccfadc3dde10fb6e1,T1569.002,-1
61e3571b8d9b2e9ccfadc3dde10fb6e1,T1059,-1
61e3571b8d9b2e9ccfadc3dde10fb6e1,T1083,-1
61e3571b8d9b2e9ccfadc3dde10fb6e1,T1497.003,-1
61e3571b8d9b2e9ccfadc3dde10fb6e1,T1120,-1
61e3571b8d9b2e9ccfadc3dde10fb6e1,T1082,-1
61e3571b8d9b2e9ccfadc3dde10fb6e1,T1040,-1
61e3571b8d9b2e9ccfadc3dde10fb6e1,T1040,-1
61e3571b8d9b2e9ccfadc3dde10fb6e1,T1562.004,1
61e3571b8d9b2e9ccfadc3dde10fb6e1,T1027,5
61e3571b8d9b2e9ccfadc3dde10fb6e1,T1036.005,1
61e3571b8d9b2e9ccfadc3dde10fb6e1,T1497.003,5
61e3571b8d9b2e9ccfadc3dde10fb6e1,T1070.006,1
61e3571b8d9b2e9ccfadc3dde10fb6e1,T1564.003,1
61e3571b8d9b2e9ccfadc3dde10fb6e1,T1543.003,-1
3edce4d49a2f31b8ba9bad0b8ef54963,T1082,-1
3edce4d49a2f31b8ba9bad0b8ef54963,T1083,-1
3edce4d49a2f31b8ba9bad0b8ef54963,T1497,-1
3edce4d49a2f31b8ba9bad0b8ef54963,T1518.001,-1
3edce4d49a2f31b8ba9bad0b8ef54963,T1018,-1
3edce4d49a2f31b8ba9bad0b8ef54963,T1095,-1
3edce4d49a2f31b8ba9bad0b8ef54963,T1071,-1
3edce4d49a2f31b8ba9bad0b8ef54963,T1055,5
3edce4d49a2f31b8ba9bad0b8ef54963,T1027.005,5
3edce4d49a2f31b8ba9bad0b8ef54963,T1027,5
3edce4d49a2f31b8ba9bad0b8ef54963,T1112,1
3edce4d49a2f31b8ba9bad0b8ef54963,T1218.011,5
3edce4d49a2f31b8ba9bad0b8ef54963,T1497,5
3edce4d49a2f31b8ba9bad0b8ef54963,T1543.003,-1
3edce4d49a2f31b8ba9bad0b8ef54963,T1055,-1
3edce4d49a2f31b8ba9bad0b8ef54963,T1543.003,-1
3edce4d49a2f31b8ba9bad0b8ef54963,T1129,-1
3edce4d49a2f31b8ba9bad0b8ef54963,T1569.002,-1
3021b9ef74c7bddf59656a035f94fd08,T1129,-1
3021b9ef74c7bddf59656a035f94fd08,T1083,-1
3021b9ef74c7bddf59656a035f94fd08,T1497.001,-1
3021b9ef74c7bddf59656a035f94fd08,T1082,-1
3021b9ef74c7bddf59656a035f94fd08,T1016,-1
3021b9ef74c7bddf59656a035f94fd08,T1497.001,5
3021b9ef74c7bddf59656a035f94fd08,T1027.005,5
3021b9ef74c7bddf59656a035f94fd08,T1027,5
5c0c1b4c3b1cfd455ac05ace994aed4b,T1082,-1
5c0c1b4c3b1cfd455ac05ace994aed4b,T1083,-1
5c0c1b4c3b1cfd455ac05ace994aed4b,T1497,-1
5c0c1b4c3b1cfd455ac05ace994aed4b,T1518.001,-1
5c0c1b4c3b1cfd455ac05ace994aed4b,T1018,-1
5c0c1b4c3b1cfd455ac05ace994aed4b,T1095,-1
5c0c1b4c3b1cfd455ac05ace994aed4b,T1071,-1
5c0c1b4c3b1cfd455ac05ace994aed4b,T1055,5
5c0c1b4c3b1cfd455ac05ace994aed4b,T1027.005,5
5c0c1b4c3b1cfd455ac05ace994aed4b,T1027,5
5c0c1b4c3b1cfd455ac05ace994aed4b,T1218.011,5
5c0c1b4c3b1cfd455ac05ace994aed4b,T1497,5
5c0c1b4c3b1cfd455ac05ace994aed4b,T1036,1
5c0c1b4c3b1cfd455ac05ace994aed4b,T1562.001,5
5c0c1b4c3b1cfd455ac05ace994aed4b,T1543.003,-1
5c0c1b4c3b1cfd455ac05ace994aed4b,T1055,-1
5c0c1b4c3b1cfd455ac05ace994aed4b,T1543.003,-1
5c0c1b4c3b1cfd455ac05ace994aed4b,T1129,-1
5c0c1b4c3b1cfd455ac05ace994aed4b,T1569.002,-1
2ff1688fe866ec2871169197f9d46936,T1547.001,-1
2ff1688fe866ec2871169197f9d46936,T1129,-1
2ff1688fe866ec2871169197f9d46936,T1106,-1
2ff1688fe866ec2871169197f9d46936,T1059,-1
2ff1688fe866ec2871169197f9d46936,T1016,-1
2ff1688fe866ec2871169197f9d46936,T1083,-1
2ff1688fe866ec2871169197f9d46936,T1124,-1
2ff1688fe866ec2871169197f9d46936,T1120,-1
2ff1688fe866ec2871169197f9d46936,T1082,-1
2ff1688fe866ec2871169197f9d46936,T1071,-1
2ff1688fe866ec2871169197f9d46936,T1571,-1
2ff1688fe866ec2871169197f9d46936,T1573,-1
2ff1688fe866ec2871169197f9d46936,T1055,5
2ff1688fe866ec2871169197f9d46936,T1027.005,5
2ff1688fe866ec2871169197f9d46936,T1027,5
2ff1688fe866ec2871169197f9d46936,T1112,1
2ff1688fe866ec2871169197f9d46936,T1564.003,1
2ff1688fe866ec2871169197f9d46936,T1547.001,-1
2ff1688fe866ec2871169197f9d46936,T1055,-1
2a791769aa73ac757f210f8546125b57,T1124,-1
2a791769aa73ac757f210f8546125b57,T1120,-1
2a791769aa73ac757f210f8546125b57,T1082,-1
2a791769aa73ac757f210f8546125b57,T1071,-1
2a791769aa73ac757f210f8546125b57,T1573,-1
2a791769aa73ac757f210f8546125b57,T1005,-1
2a791769aa73ac757f210f8546125b57,T1129,-1
2a791769aa73ac757f210f8546125b57,T1027.005,5
2a791769aa73ac757f210f8546125b57,T1027,5
e4ed26d5e2a84cc5e48d285e4ea898c0,T1027.005,5
e4ed26d5e2a84cc5e48d285e4ea898c0,T1027,5
e4ed26d5e2a84cc5e48d285e4ea898c0,T1036.005,1
e4ed26d5e2a84cc5e48d285e4ea898c0,T1129,-1
e4ed26d5e2a84cc5e48d285e4ea898c0,T1059,-1
e4ed26d5e2a84cc5e48d285e4ea898c0,T1083,-1
e4ed26d5e2a84cc5e48d285e4ea898c0,T1012,-1
e4ed26d5e2a84cc5e48d285e4ea898c0,T1016,-1
be588cd29b9dc6f8cfc4d0aa5e5c79aa,T1124,-1
be588cd29b9dc6f8cfc4d0aa5e5c79aa,T1083,-1
be588cd29b9dc6f8cfc4d0aa5e5c79aa,T1082,-1
be588cd29b9dc6f8cfc4d0aa5e5c79aa,T1016,-1
be588cd29b9dc6f8cfc4d0aa5e5c79aa,T1129,-1
be588cd29b9dc6f8cfc4d0aa5e5c79aa,T1027.005,5
be588cd29b9dc6f8cfc4d0aa5e5c79aa,T1027,5
d2da675a8adfef9d0c146154084fff62,T1056,-1
d2da675a8adfef9d0c146154084fff62,T1005,-1
d2da675a8adfef9d0c146154084fff62,T1091,5
d2da675a8adfef9d0c146154084fff62,T1091,-1
d2da675a8adfef9d0c146154084fff62,T1497.001,-1
d2da675a8adfef9d0c146154084fff62,T1124,-1
d2da675a8adfef9d0c146154084fff62,T1033,-1
d2da675a8adfef9d0c146154084fff62,T1087.001,-1
d2da675a8adfef9d0c146154084fff62,T1016,-1
d2da675a8adfef9d0c146154084fff62,T1083,-1
d2da675a8adfef9d0c146154084fff62,T1497,-1
d2da675a8adfef9d0c146154084fff62,T1518.001,-1
d2da675a8adfef9d0c146154084fff62,T1120,-1
d2da675a8adfef9d0c146154084fff62,T1082,-1
d2da675a8adfef9d0c146154084fff62,T1071,-1
d2da675a8adfef9d0c146154084fff62,T1573,-1
d2da675a8adfef9d0c146154084fff62,T1497.001,5
d2da675a8adfef9d0c146154084fff62,T1027.005,5
d2da675a8adfef9d0c146154084fff62,T1027,5
d2da675a8adfef9d0c146154084fff62,T1112,1
d2da675a8adfef9d0c146154084fff62,T1497,5
d2da675a8adfef9d0c146154084fff62,T1056,-1
d2da675a8adfef9d0c146154084fff62,T1129,-1
f315be41d9765d69ad60f0b4d29e4300,T1056,-1
f315be41d9765d69ad60f0b4d29e4300,T1005,-1
f315be41d9765d69ad60f0b4d29e4300,T1091,5
f315be41d9765d69ad60f0b4d29e4300,T1091,-1
f315be41d9765d69ad60f0b4d29e4300,T1497.001,-1
f315be41d9765d69ad60f0b4d29e4300,T1033,-1
f315be41d9765d69ad60f0b4d29e4300,T1087.001,-1
f315be41d9765d69ad60f0b4d29e4300,T1016,-1
f315be41d9765d69ad60f0b4d29e4300,T1083,-1
f315be41d9765d69ad60f0b4d29e4300,T1497,-1
f315be41d9765d69ad60f0b4d29e4300,T1518.001,-1
f315be41d9765d69ad60f0b4d29e4300,T1120,-1
f315be41d9765d69ad60f0b4d29e4300,T1082,-1
f315be41d9765d69ad60f0b4d29e4300,T1071,-1
f315be41d9765d69ad60f0b4d29e4300,T1573,-1
f315be41d9765d69ad60f0b4d29e4300,T1497.001,5
f315be41d9765d69ad60f0b4d29e4300,T1027.005,5
f315be41d9765d69ad60f0b4d29e4300,T1027,5
f315be41d9765d69ad60f0b4d29e4300,T1218.011,5
f315be41d9765d69ad60f0b4d29e4300,T1497,5
f315be41d9765d69ad60f0b4d29e4300,T1056,-1
f315be41d9765d69ad60f0b4d29e4300,T1129,-1
dc268b166fe4c1d1c8595dccf857c476,T1129,-1
dc268b166fe4c1d1c8595dccf857c476,T1027,5
0893e206274cb98189d51a284c2a8c83,T1543.003,-1
0893e206274cb98189d51a284c2a8c83,T1129,-1
0893e206274cb98189d51a284c2a8c83,T1569.002,-1
0893e206274cb98189d51a284c2a8c83,T1106,-1
0893e206274cb98189d51a284c2a8c83,T1016,-1
0893e206274cb98189d51a284c2a8c83,T1083,-1
0893e206274cb98189d51a284c2a8c83,T1497.003,-1
0893e206274cb98189d51a284c2a8c83,T1120,-1
0893e206274cb98189d51a284c2a8c83,T1082,-1
0893e206274cb98189d51a284c2a8c83,T1040,-1
0893e206274cb98189d51a284c2a8c83,T1040,-1
0893e206274cb98189d51a284c2a8c83,T1562.004,1
0893e206274cb98189d51a284c2a8c83,T1564.003,1
0893e206274cb98189d51a284c2a8c83,T1027,5
0893e206274cb98189d51a284c2a8c83,T1497.003,5
0893e206274cb98189d51a284c2a8c83,T1543.003,-1
0ba6bb2ad05d86207b5303657e3f6874,T1083,-1
0ba6bb2ad05d86207b5303657e3f6874,T1082,-1
0ba6bb2ad05d86207b5303657e3f6874,T1016,-1
0ba6bb2ad05d86207b5303657e3f6874,T1129,-1
0ba6bb2ad05d86207b5303657e3f6874,T1027.005,5
0ba6bb2ad05d86207b5303657e3f6874,T1027,5
8d9123cd2648020292b5c35edc9ae22e,T1083,-1
8d9123cd2648020292b5c35edc9ae22e,T1082,-1
8d9123cd2648020292b5c35edc9ae22e,T1016,-1
8d9123cd2648020292b5c35edc9ae22e,T1129,-1
8d9123cd2648020292b5c35edc9ae22e,T1027.005,5
8d9123cd2648020292b5c35edc9ae22e,T1027,5
20183332c370b9d35d368083ecb74d22,T1010,-1
20183332c370b9d35d368083ecb74d22,T1082,-1
20183332c370b9d35d368083ecb74d22,T1124,-1
20183332c370b9d35d368083ecb74d22,T1057,-1
20183332c370b9d35d368083ecb74d22,T1083,-1
20183332c370b9d35d368083ecb74d22,T1497,-1
20183332c370b9d35d368083ecb74d22,T1012,-1
20183332c370b9d35d368083ecb74d22,T1518.001,-1
20183332c370b9d35d368083ecb74d22,T1018,-1
20183332c370b9d35d368083ecb74d22,T1518,-1
20183332c370b9d35d368083ecb74d22,T1105,-1
20183332c370b9d35d368083ecb74d22,T1095,-1
20183332c370b9d35d368083ecb74d22,T1071,-1
20183332c370b9d35d368083ecb74d22,T1055,5
20183332c370b9d35d368083ecb74d22,T1027,5
20183332c370b9d35d368083ecb74d22,T1497,5
20183332c370b9d35d368083ecb74d22,T1036,1
20183332c370b9d35d368083ecb74d22,T1027.002,5
20183332c370b9d35d368083ecb74d22,T1055,-1
4a4662e73ab3a2c37e10dbe41e195041,T1574.002,-1
4a4662e73ab3a2c37e10dbe41e195041,T1010,-1
4a4662e73ab3a2c37e10dbe41e195041,T1082,-1
4a4662e73ab3a2c37e10dbe41e195041,T1124,-1
4a4662e73ab3a2c37e10dbe41e195041,T1057,-1
4a4662e73ab3a2c37e10dbe41e195041,T1083,-1
4a4662e73ab3a2c37e10dbe41e195041,T1497,-1
4a4662e73ab3a2c37e10dbe41e195041,T1012,-1
4a4662e73ab3a2c37e10dbe41e195041,T1518.001,-1
4a4662e73ab3a2c37e10dbe41e195041,T1018,-1
4a4662e73ab3a2c37e10dbe41e195041,T1518,-1
4a4662e73ab3a2c37e10dbe41e195041,T1105,-1
4a4662e73ab3a2c37e10dbe41e195041,T1095,-1
4a4662e73ab3a2c37e10dbe41e195041,T1071,-1
4a4662e73ab3a2c37e10dbe41e195041,T1055,5
4a4662e73ab3a2c37e10dbe41e195041,T1027,5
4a4662e73ab3a2c37e10dbe41e195041,T1497,5
4a4662e73ab3a2c37e10dbe41e195041,T1574.002,5
4a4662e73ab3a2c37e10dbe41e195041,T1036,1
4a4662e73ab3a2c37e10dbe41e195041,T1027.002,5
4a4662e73ab3a2c37e10dbe41e195041,T1055,-1
4a4662e73ab3a2c37e10dbe41e195041,T1574.002,-1
b1dd2c73b3c13a147828f7bb4389d241,T1129,-1
b1dd2c73b3c13a147828f7bb4389d241,T1124,-1
b1dd2c73b3c13a147828f7bb4389d241,T1082,-1
b1dd2c73b3c13a147828f7bb4389d241,T1016,-1
b1dd2c73b3c13a147828f7bb4389d241,T1036,1
b1dd2c73b3c13a147828f7bb4389d241,T1218.011,5
b1dd2c73b3c13a147828f7bb4389d241,T1027,5
e7aa0237fc3db67a96ebd877806a2c88,T1574.002,-1
e7aa0237fc3db67a96ebd877806a2c88,T1203,-1
e7aa0237fc3db67a96ebd877806a2c88,T1083,-1
e7aa0237fc3db67a96ebd877806a2c88,T1018,-1
e7aa0237fc3db67a96ebd877806a2c88,T1012,-1
e7aa0237fc3db67a96ebd877806a2c88,T1082,-1
e7aa0237fc3db67a96ebd877806a2c88,T1095,-1
e7aa0237fc3db67a96ebd877806a2c88,T1071,-1
e7aa0237fc3db67a96ebd877806a2c88,T1573,-1
e7aa0237fc3db67a96ebd877806a2c88,T1055,5
e7aa0237fc3db67a96ebd877806a2c88,T1218.011,5
e7aa0237fc3db67a96ebd877806a2c88,T1574.002,5
e7aa0237fc3db67a96ebd877806a2c88,T1036,1
e7aa0237fc3db67a96ebd877806a2c88,T1055.011,5
e7aa0237fc3db67a96ebd877806a2c88,T1055.011,-1
e7aa0237fc3db67a96ebd877806a2c88,T1055,-1
e7aa0237fc3db67a96ebd877806a2c88,T1574.002,-1
56470e113479eacda081c2eeead153bf,T1574.002,-1
56470e113479eacda081c2eeead153bf,T1203,-1
56470e113479eacda081c2eeead153bf,T1083,-1
56470e113479eacda081c2eeead153bf,T1018,-1
56470e113479eacda081c2eeead153bf,T1012,-1
56470e113479eacda081c2eeead153bf,T1082,-1
56470e113479eacda081c2eeead153bf,T1095,-1
56470e113479eacda081c2eeead153bf,T1071,-1
56470e113479eacda081c2eeead153bf,T1573,-1
56470e113479eacda081c2eeead153bf,T1036,1
56470e113479eacda081c2eeead153bf,T1055.011,5
56470e113479eacda081c2eeead153bf,T1055,5
56470e113479eacda081c2eeead153bf,T1574.002,5
56470e113479eacda081c2eeead153bf,T1055.011,-1
56470e113479eacda081c2eeead153bf,T1055,-1
56470e113479eacda081c2eeead153bf,T1574.002,-1
6c2d15114ebdd910a336b6b147512a74,T1129,-1
6c2d15114ebdd910a336b6b147512a74,T1057,-1
6c2d15114ebdd910a336b6b147512a74,T1016,-1
6c2d15114ebdd910a336b6b147512a74,T1083,-1
6c2d15114ebdd910a336b6b147512a74,T1012,-1
6c2d15114ebdd910a336b6b147512a74,T1124,-1
6c2d15114ebdd910a336b6b147512a74,T1082,-1
6c2d15114ebdd910a336b6b147512a74,T1518,-1
6c2d15114ebdd910a336b6b147512a74,T1036,1
6c2d15114ebdd910a336b6b147512a74,T1027,5
63d155f889e09272d85cfd9dfc266131,T1129,-1
e7718609577c6e34221b03de7e959a8c,T1129,-1
e7718609577c6e34221b03de7e959a8c,T1057,-1
e7718609577c6e34221b03de7e959a8c,T1016,-1
e7718609577c6e34221b03de7e959a8c,T1083,-1
e7718609577c6e34221b03de7e959a8c,T1012,-1
e7718609577c6e34221b03de7e959a8c,T1124,-1
e7718609577c6e34221b03de7e959a8c,T1082,-1
e7718609577c6e34221b03de7e959a8c,T1518,-1
e7718609577c6e34221b03de7e959a8c,T1036,1
e7718609577c6e34221b03de7e959a8c,T1027,5
c2c5751cdfdbe9fac44337d4cb6e74e4,T1129,-1
a13e3e24b81e127da91a85fe32768acd,T1064,-1
a13e3e24b81e127da91a85fe32768acd,T1059,-1
a13e3e24b81e127da91a85fe32768acd,T1064,0
a13e3e24b81e127da91a85fe32768acd,T1055,5
a13e3e24b81e127da91a85fe32768acd,T1055,-1
29e273fcfee8c5a90f4de6214a0fde87,T1129,-1
29e273fcfee8c5a90f4de6214a0fde87,T1005,-1
29e273fcfee8c5a90f4de6214a0fde87,T1124,-1
29e273fcfee8c5a90f4de6214a0fde87,T1497.003,-1
29e273fcfee8c5a90f4de6214a0fde87,T1036,1
29e273fcfee8c5a90f4de6214a0fde87,T1027.005,5
29e273fcfee8c5a90f4de6214a0fde87,T1027,5
29e273fcfee8c5a90f4de6214a0fde87,T1497.003,5
64b59c0b9ca32d9427619161e3cf8a6c,T1129,-1
64b59c0b9ca32d9427619161e3cf8a6c,T1059,-1
64b59c0b9ca32d9427619161e3cf8a6c,T1057,-1
64b59c0b9ca32d9427619161e3cf8a6c,T1083,-1
64b59c0b9ca32d9427619161e3cf8a6c,T1497,-1
64b59c0b9ca32d9427619161e3cf8a6c,T1518.001,-1
64b59c0b9ca32d9427619161e3cf8a6c,T1082,-1
64b59c0b9ca32d9427619161e3cf8a6c,T1071,-1
64b59c0b9ca32d9427619161e3cf8a6c,T1573,-1
64b59c0b9ca32d9427619161e3cf8a6c,T1027.005,5
64b59c0b9ca32d9427619161e3cf8a6c,T1497,5
64b59c0b9ca32d9427619161e3cf8a6c,T1027,5
64b59c0b9ca32d9427619161e3cf8a6c,T1547.001,-1
64b59c0b9ca32d9427619161e3cf8a6c,T1547.001,-1
86685ec8c3c717aa2a9702e2c9dec379,T1129,-1
86685ec8c3c717aa2a9702e2c9dec379,T1124,-1
86685ec8c3c717aa2a9702e2c9dec379,T1082,-1
86685ec8c3c717aa2a9702e2c9dec379,T1497.003,-1
86685ec8c3c717aa2a9702e2c9dec379,T1036,1
86685ec8c3c717aa2a9702e2c9dec379,T1027.005,5
86685ec8c3c717aa2a9702e2c9dec379,T1027,5
86685ec8c3c717aa2a9702e2c9dec379,T1497.003,5
778a7ed1aa3ce2d8eb719765cac3c166,T1129,-1
778a7ed1aa3ce2d8eb719765cac3c166,T1124,-1
778a7ed1aa3ce2d8eb719765cac3c166,T1082,-1
778a7ed1aa3ce2d8eb719765cac3c166,T1497.003,-1
778a7ed1aa3ce2d8eb719765cac3c166,T1036,1
778a7ed1aa3ce2d8eb719765cac3c166,T1027.005,5
778a7ed1aa3ce2d8eb719765cac3c166,T1027,5
778a7ed1aa3ce2d8eb719765cac3c166,T1497.003,5
a8b6ec51ed88c0329fd3329cb615bbc9,T1129,-1
a8b6ec51ed88c0329fd3329cb615bbc9,T1083,-1
a8b6ec51ed88c0329fd3329cb615bbc9,T1082,-1
a8b6ec51ed88c0329fd3329cb615bbc9,T1497.003,-1
a8b6ec51ed88c0329fd3329cb615bbc9,T1036,1
a8b6ec51ed88c0329fd3329cb615bbc9,T1027.005,5
a8b6ec51ed88c0329fd3329cb615bbc9,T1027,5
a8b6ec51ed88c0329fd3329cb615bbc9,T1497.003,5
117fa0b8b8b965680c7b630c6e2bf01d,T1129,-1
117fa0b8b8b965680c7b630c6e2bf01d,T1083,-1
117fa0b8b8b965680c7b630c6e2bf01d,T1082,-1
117fa0b8b8b965680c7b630c6e2bf01d,T1497.003,-1
117fa0b8b8b965680c7b630c6e2bf01d,T1036,1
117fa0b8b8b965680c7b630c6e2bf01d,T1027.005,5
117fa0b8b8b965680c7b630c6e2bf01d,T1027,5
117fa0b8b8b965680c7b630c6e2bf01d,T1497.003,5
ef118025c43889f0fb9d5c816e815981,T1129,-1
ef118025c43889f0fb9d5c816e815981,T1059,-1
ef118025c43889f0fb9d5c816e815981,T1083,-1
ef118025c43889f0fb9d5c816e815981,T1082,-1
ef118025c43889f0fb9d5c816e815981,T1497.003,-1
ef118025c43889f0fb9d5c816e815981,T1036,1
ef118025c43889f0fb9d5c816e815981,T1027.005,5
ef118025c43889f0fb9d5c816e815981,T1027,5
ef118025c43889f0fb9d5c816e815981,T1497.003,5
28ef91c65dc459592d02a198b0a446f0,T1129,-1
28ef91c65dc459592d02a198b0a446f0,T1059,-1
28ef91c65dc459592d02a198b0a446f0,T1083,-1
28ef91c65dc459592d02a198b0a446f0,T1082,-1
28ef91c65dc459592d02a198b0a446f0,T1497.003,-1
28ef91c65dc459592d02a198b0a446f0,T1036,1
28ef91c65dc459592d02a198b0a446f0,T1027.005,5
28ef91c65dc459592d02a198b0a446f0,T1027,5
28ef91c65dc459592d02a198b0a446f0,T1497.003,5
f1c263545ccb99b70696083187188a5b,T1129,-1
f1c263545ccb99b70696083187188a5b,T1059,-1
f1c263545ccb99b70696083187188a5b,T1083,-1
f1c263545ccb99b70696083187188a5b,T1082,-1
f1c263545ccb99b70696083187188a5b,T1497.003,-1
f1c263545ccb99b70696083187188a5b,T1036,1
f1c263545ccb99b70696083187188a5b,T1027.005,5
f1c263545ccb99b70696083187188a5b,T1027,5
f1c263545ccb99b70696083187188a5b,T1497.003,5
db590ea77a92ae6435e2ec954d065ed4,T1129,-1
db590ea77a92ae6435e2ec954d065ed4,T1059,-1
db590ea77a92ae6435e2ec954d065ed4,T1083,-1
db590ea77a92ae6435e2ec954d065ed4,T1082,-1
db590ea77a92ae6435e2ec954d065ed4,T1497.003,-1
db590ea77a92ae6435e2ec954d065ed4,T1036,1
db590ea77a92ae6435e2ec954d065ed4,T1027.005,5
db590ea77a92ae6435e2ec954d065ed4,T1027,5
db590ea77a92ae6435e2ec954d065ed4,T1497.003,5
4b66ddd221cb47869808eb96c0cbadbb,T1129,-1
4b66ddd221cb47869808eb96c0cbadbb,T1082,-1
4b66ddd221cb47869808eb96c0cbadbb,T1497.003,-1
4b66ddd221cb47869808eb96c0cbadbb,T1036,1
4b66ddd221cb47869808eb96c0cbadbb,T1497.003,5
7f035be4590a624a9dc816176af942da,T1129,-1
7f035be4590a624a9dc816176af942da,T1059,-1
7f035be4590a624a9dc816176af942da,T1083,-1
7f035be4590a624a9dc816176af942da,T1082,-1
7f035be4590a624a9dc816176af942da,T1497.003,-1
7f035be4590a624a9dc816176af942da,T1036,1
7f035be4590a624a9dc816176af942da,T1027.005,5
7f035be4590a624a9dc816176af942da,T1027,5
7f035be4590a624a9dc816176af942da,T1497.003,5
1bad6702b4a40e4e48be86e7d0e8b17b,T1129,-1
1bad6702b4a40e4e48be86e7d0e8b17b,T1059,-1
1bad6702b4a40e4e48be86e7d0e8b17b,T1083,-1
1bad6702b4a40e4e48be86e7d0e8b17b,T1082,-1
1bad6702b4a40e4e48be86e7d0e8b17b,T1497.003,-1
1bad6702b4a40e4e48be86e7d0e8b17b,T1036,1
1bad6702b4a40e4e48be86e7d0e8b17b,T1027.005,5
1bad6702b4a40e4e48be86e7d0e8b17b,T1027,5
1bad6702b4a40e4e48be86e7d0e8b17b,T1497.003,5
0856655351acffa1ee459eeeaf164756,T1129,-1
0856655351acffa1ee459eeeaf164756,T1059,-1
0856655351acffa1ee459eeeaf164756,T1083,-1
0856655351acffa1ee459eeeaf164756,T1082,-1
0856655351acffa1ee459eeeaf164756,T1497.003,-1
0856655351acffa1ee459eeeaf164756,T1036,1
0856655351acffa1ee459eeeaf164756,T1027.005,5
0856655351acffa1ee459eeeaf164756,T1027,5
0856655351acffa1ee459eeeaf164756,T1497.003,5
b578ccf307d55d3267f98349e20ecff1,T1082,-1
b578ccf307d55d3267f98349e20ecff1,T1083,-1
b578ccf307d55d3267f98349e20ecff1,T1497,-1
b578ccf307d55d3267f98349e20ecff1,T1497.003,-1
b578ccf307d55d3267f98349e20ecff1,T1018,-1
b578ccf307d55d3267f98349e20ecff1,T1095,-1
b578ccf307d55d3267f98349e20ecff1,T1071,-1
b578ccf307d55d3267f98349e20ecff1,T1573,-1
b578ccf307d55d3267f98349e20ecff1,T1055,5
b578ccf307d55d3267f98349e20ecff1,T1027.005,5
b578ccf307d55d3267f98349e20ecff1,T1027,5
b578ccf307d55d3267f98349e20ecff1,T1218.011,5
b578ccf307d55d3267f98349e20ecff1,T1497,5
b578ccf307d55d3267f98349e20ecff1,T1497.003,5
b578ccf307d55d3267f98349e20ecff1,T1036,1
b578ccf307d55d3267f98349e20ecff1,T1055,-1
b578ccf307d55d3267f98349e20ecff1,T1129,-1
e1068cacba806002b1cba6ebfb35e4f4,T1005,-1
e1068cacba806002b1cba6ebfb35e4f4,T1497.001,-1
e1068cacba806002b1cba6ebfb35e4f4,T1033,-1
e1068cacba806002b1cba6ebfb35e4f4,T1087.001,-1
e1068cacba806002b1cba6ebfb35e4f4,T1016,-1
e1068cacba806002b1cba6ebfb35e4f4,T1083,-1
e1068cacba806002b1cba6ebfb35e4f4,T1497.003,-1
e1068cacba806002b1cba6ebfb35e4f4,T1082,-1
e1068cacba806002b1cba6ebfb35e4f4,T1497.001,5
e1068cacba806002b1cba6ebfb35e4f4,T1027.005,5
e1068cacba806002b1cba6ebfb35e4f4,T1027,5
e1068cacba806002b1cba6ebfb35e4f4,T1497.003,5
e1068cacba806002b1cba6ebfb35e4f4,T1134,5
e1068cacba806002b1cba6ebfb35e4f4,T1129,-1
e1068cacba806002b1cba6ebfb35e4f4,T1134,-1
d2de01858417fa3b580b3a95857847d5,T1033,-1
d2de01858417fa3b580b3a95857847d5,T1083,-1
d2de01858417fa3b580b3a95857847d5,T1497,-1
d2de01858417fa3b580b3a95857847d5,T1087,-1
d2de01858417fa3b580b3a95857847d5,T1497.003,-1
d2de01858417fa3b580b3a95857847d5,T1124,-1
d2de01858417fa3b580b3a95857847d5,T1082,-1
d2de01858417fa3b580b3a95857847d5,T1573,-1
d2de01858417fa3b580b3a95857847d5,T1071,-1
d2de01858417fa3b580b3a95857847d5,T1027.005,5
d2de01858417fa3b580b3a95857847d5,T1027,5
d2de01858417fa3b580b3a95857847d5,T1497,5
d2de01858417fa3b580b3a95857847d5,T1222,1
d2de01858417fa3b580b3a95857847d5,T1497.003,5
d2de01858417fa3b580b3a95857847d5,T1005,-1
d2de01858417fa3b580b3a95857847d5,T1129,-1
96071956d4890aebea14ecd8015617cc,T1040,-1
96071956d4890aebea14ecd8015617cc,T1040,-1
688890ddbf532a4de7c83a58e6aa594f,T1547.001,-1
688890ddbf532a4de7c83a58e6aa594f,T1082,-1
688890ddbf532a4de7c83a58e6aa594f,T1016,-1
688890ddbf532a4de7c83a58e6aa594f,T1083,-1
688890ddbf532a4de7c83a58e6aa594f,T1497,-1
688890ddbf532a4de7c83a58e6aa594f,T1497.003,-1
688890ddbf532a4de7c83a58e6aa594f,T1120,-1
688890ddbf532a4de7c83a58e6aa594f,T1018,-1
688890ddbf532a4de7c83a58e6aa594f,T1095,-1
688890ddbf532a4de7c83a58e6aa594f,T1071,-1
688890ddbf532a4de7c83a58e6aa594f,T1571,-1
688890ddbf532a4de7c83a58e6aa594f,T1070.004,1
688890ddbf532a4de7c83a58e6aa594f,T1055,5
688890ddbf532a4de7c83a58e6aa594f,T1497,5
688890ddbf532a4de7c83a58e6aa594f,T1497.003,5
688890ddbf532a4de7c83a58e6aa594f,T1564.003,5
688890ddbf532a4de7c83a58e6aa594f,T1547.001,-1
688890ddbf532a4de7c83a58e6aa594f,T1055,-1
688890ddbf532a4de7c83a58e6aa594f,T1005,-1
688890ddbf532a4de7c83a58e6aa594f,T1059.003,-1
688890ddbf532a4de7c83a58e6aa594f,T1106,-1
0ae8a7b6b4d70c0884095629fc02c19c,T1040,-1
0ae8a7b6b4d70c0884095629fc02c19c,T1040,-1
c51416635e529183ca5337fade82758a,T1033,-1
c51416635e529183ca5337fade82758a,T1057,-1
c51416635e529183ca5337fade82758a,T1083,-1
c51416635e529183ca5337fade82758a,T1087,-1
c51416635e529183ca5337fade82758a,T1012,-1
c51416635e529183ca5337fade82758a,T1497.003,-1
c51416635e529183ca5337fade82758a,T1614,-1
c51416635e529183ca5337fade82758a,T1007,-1
c51416635e529183ca5337fade82758a,T1082,-1
c51416635e529183ca5337fade82758a,T1518,-1
c51416635e529183ca5337fade82758a,T1055,5
c51416635e529183ca5337fade82758a,T1055.003,5
c51416635e529183ca5337fade82758a,T1027.005,5
c51416635e529183ca5337fade82758a,T1027,5
c51416635e529183ca5337fade82758a,T1620,5
c51416635e529183ca5337fade82758a,T1222,1
c51416635e529183ca5337fade82758a,T1497.003,5
c51416635e529183ca5337fade82758a,T1070.006,1
c51416635e529183ca5337fade82758a,T1134,5
c51416635e529183ca5337fade82758a,T1115,-1
c51416635e529183ca5337fade82758a,T1213,-1
c51416635e529183ca5337fade82758a,T1056.001,-1
c51416635e529183ca5337fade82758a,T1489,-1
c51416635e529183ca5337fade82758a,T1489,-1
c51416635e529183ca5337fade82758a,T1543.003,-1
c51416635e529183ca5337fade82758a,T1129,-1
c51416635e529183ca5337fade82758a,T1056.001,-1
c51416635e529183ca5337fade82758a,T1055.003,-1
c51416635e529183ca5337fade82758a,T1543.003,-1
c51416635e529183ca5337fade82758a,T1055,-1
c51416635e529183ca5337fade82758a,T1134,-1
26520499a3fc627d335e34586e99de7a,T1115,-1
26520499a3fc627d335e34586e99de7a,T1005,-1
26520499a3fc627d335e34586e99de7a,T1056.004,-1
26520499a3fc627d335e34586e99de7a,T1547.001,-1
26520499a3fc627d335e34586e99de7a,T1129,-1
26520499a3fc627d335e34586e99de7a,T1059.003,-1
26520499a3fc627d335e34586e99de7a,T1106,-1
26520499a3fc627d335e34586e99de7a,T1083,-1
26520499a3fc627d335e34586e99de7a,T1120,-1
26520499a3fc627d335e34586e99de7a,T1497.003,-1
26520499a3fc627d335e34586e99de7a,T1057,-1
26520499a3fc627d335e34586e99de7a,T1056.004,-1
26520499a3fc627d335e34586e99de7a,T1027.005,5
26520499a3fc627d335e34586e99de7a,T1564.003,5
26520499a3fc627d335e34586e99de7a,T1055,5
26520499a3fc627d335e34586e99de7a,T1497.003,5
26520499a3fc627d335e34586e99de7a,T1547.001,-1
26520499a3fc627d335e34586e99de7a,T1055,-1
a21171923ec09b9569f2baad496c9e16,T1056,-1
a21171923ec09b9569f2baad496c9e16,T1115,-1
a21171923ec09b9569f2baad496c9e16,T1213,-1
a21171923ec09b9569f2baad496c9e16,T1056.004,-1
a21171923ec09b9569f2baad496c9e16,T1056.001,-1
a21171923ec09b9569f2baad496c9e16,T1129,-1
a21171923ec09b9569f2baad496c9e16,T1059,-1
a21171923ec09b9569f2baad496c9e16,T1010,-1
a21171923ec09b9569f2baad496c9e16,T1082,-1
a21171923ec09b9569f2baad496c9e16,T1033,-1
a21171923ec09b9569f2baad496c9e16,T1057,-1
a21171923ec09b9569f2baad496c9e16,T1083,-1
a21171923ec09b9569f2baad496c9e16,T1497,-1
a21171923ec09b9569f2baad496c9e16,T1087,-1
a21171923ec09b9569f2baad496c9e16,T1012,-1
a21171923ec09b9569f2baad496c9e16,T1497.003,-1
a21171923ec09b9569f2baad496c9e16,T1614,-1
a21171923ec09b9569f2baad496c9e16,T1518.001,-1
a21171923ec09b9569f2baad496c9e16,T1007,-1
a21171923ec09b9569f2baad496c9e16,T1018,-1
a21171923ec09b9569f2baad496c9e16,T1518,-1
a21171923ec09b9569f2baad496c9e16,T1095,-1
a21171923ec09b9569f2baad496c9e16,T1071,-1
a21171923ec09b9569f2baad496c9e16,T1571,-1
a21171923ec09b9569f2baad496c9e16,T1055,5
a21171923ec09b9569f2baad496c9e16,T1055.003,5
a21171923ec09b9569f2baad496c9e16,T1027.005,5
a21171923ec09b9569f2baad496c9e16,T1027,5
a21171923ec09b9569f2baad496c9e16,T1620,5
a21171923ec09b9569f2baad496c9e16,T1497,5
a21171923ec09b9569f2baad496c9e16,T1222,1
a21171923ec09b9569f2baad496c9e16,T1497.003,5
a21171923ec09b9569f2baad496c9e16,T1070.006,1
a21171923ec09b9569f2baad496c9e16,T1134,5
a21171923ec09b9569f2baad496c9e16,T1056,-1
a21171923ec09b9569f2baad496c9e16,T1056.004,-1
a21171923ec09b9569f2baad496c9e16,T1056.001,-1
a21171923ec09b9569f2baad496c9e16,T1489,-1
a21171923ec09b9569f2baad496c9e16,T1489,-1
a21171923ec09b9569f2baad496c9e16,T1543.003,-1
a21171923ec09b9569f2baad496c9e16,T1547.001,-1
a21171923ec09b9569f2baad496c9e16,T1055,-1
a21171923ec09b9569f2baad496c9e16,T1055.003,-1
a21171923ec09b9569f2baad496c9e16,T1543.003,-1
a21171923ec09b9569f2baad496c9e16,T1547.001,-1
a21171923ec09b9569f2baad496c9e16,T1134,-1
83833f8dbdd6ecf3a1212f5d1fc3d9dd,T1497.003,-1
83833f8dbdd6ecf3a1212f5d1fc3d9dd,T1497.003,5
4e595db3b612e1e9da90a0ef7d740792,T1083,-1
4e595db3b612e1e9da90a0ef7d740792,T1082,-1
4e595db3b612e1e9da90a0ef7d740792,T1095,-1
4e595db3b612e1e9da90a0ef7d740792,T1071,-1
4e595db3b612e1e9da90a0ef7d740792,T1543.003,-1
4e595db3b612e1e9da90a0ef7d740792,T1129,-1
4e595db3b612e1e9da90a0ef7d740792,T1569.002,-1
4e595db3b612e1e9da90a0ef7d740792,T1059,-1
4e595db3b612e1e9da90a0ef7d740792,T1027.005,5
4e595db3b612e1e9da90a0ef7d740792,T1027,5
4e595db3b612e1e9da90a0ef7d740792,T1543.003,-1
894b81b907c23f927a3f38cfd30f32da,T1083,-1
894b81b907c23f927a3f38cfd30f32da,T1082,-1
894b81b907c23f927a3f38cfd30f32da,T1543.003,-1
894b81b907c23f927a3f38cfd30f32da,T1129,-1
894b81b907c23f927a3f38cfd30f32da,T1569.002,-1
894b81b907c23f927a3f38cfd30f32da,T1059,-1
894b81b907c23f927a3f38cfd30f32da,T1027.005,5
894b81b907c23f927a3f38cfd30f32da,T1027,5
894b81b907c23f927a3f38cfd30f32da,T1543.003,-1
4d30612a928faf7643b14bd85d8433cc,T1064,-1
4d30612a928faf7643b14bd85d8433cc,T1129,-1
4d30612a928faf7643b14bd85d8433cc,T1082,-1
4d30612a928faf7643b14bd85d8433cc,T1016,-1
4d30612a928faf7643b14bd85d8433cc,T1083,-1
4d30612a928faf7643b14bd85d8433cc,T1497,-1
4d30612a928faf7643b14bd85d8433cc,T1120,-1
4d30612a928faf7643b14bd85d8433cc,T1018,-1
4d30612a928faf7643b14bd85d8433cc,T1105,-1
4d30612a928faf7643b14bd85d8433cc,T1095,-1
4d30612a928faf7643b14bd85d8433cc,T1071,-1
4d30612a928faf7643b14bd85d8433cc,T1055,5
4d30612a928faf7643b14bd85d8433cc,T1064,0
4d30612a928faf7643b14bd85d8433cc,T1027,5
4d30612a928faf7643b14bd85d8433cc,T1497,5
4d30612a928faf7643b14bd85d8433cc,T1564.003,5
4d30612a928faf7643b14bd85d8433cc,T1055,-1
4d30612a928faf7643b14bd85d8433cc,T1005,-1
fb84a392601fc19aeb7f8ce11b3a4907,T1547.001,-1
fb84a392601fc19aeb7f8ce11b3a4907,T1064,-1
fb84a392601fc19aeb7f8ce11b3a4907,T1129,-1
fb84a392601fc19aeb7f8ce11b3a4907,T1059,-1
fb84a392601fc19aeb7f8ce11b3a4907,T1082,-1
fb84a392601fc19aeb7f8ce11b3a4907,T1083,-1
fb84a392601fc19aeb7f8ce11b3a4907,T1497,-1
fb84a392601fc19aeb7f8ce11b3a4907,T1518.001,-1
fb84a392601fc19aeb7f8ce11b3a4907,T1018,-1
fb84a392601fc19aeb7f8ce11b3a4907,T1105,-1
fb84a392601fc19aeb7f8ce11b3a4907,T1095,-1
fb84a392601fc19aeb7f8ce11b3a4907,T1071,-1
fb84a392601fc19aeb7f8ce11b3a4907,T1064,0
fb84a392601fc19aeb7f8ce11b3a4907,T1027,5
fb84a392601fc19aeb7f8ce11b3a4907,T1112,1
fb84a392601fc19aeb7f8ce11b3a4907,T1497,5
fb84a392601fc19aeb7f8ce11b3a4907,T1036,1
fb84a392601fc19aeb7f8ce11b3a4907,T1547.001,-1
fb84a392601fc19aeb7f8ce11b3a4907,T1056,-1
fb84a392601fc19aeb7f8ce11b3a4907,T1056,-1
f3fcb306cb93489f999e00a7ef63536b,T1082,-1
f3fcb306cb93489f999e00a7ef63536b,T1016,-1
f3fcb306cb93489f999e00a7ef63536b,T1497,-1
f3fcb306cb93489f999e00a7ef63536b,T1124,-1
f3fcb306cb93489f999e00a7ef63536b,T1120,-1
f3fcb306cb93489f999e00a7ef63536b,T1018,-1
f3fcb306cb93489f999e00a7ef63536b,T1095,-1
f3fcb306cb93489f999e00a7ef63536b,T1071,-1
f3fcb306cb93489f999e00a7ef63536b,T1218.011,5
f3fcb306cb93489f999e00a7ef63536b,T1497,5
f3fcb306cb93489f999e00a7ef63536b,T1055,5
f3fcb306cb93489f999e00a7ef63536b,T1055,-1
f3fcb306cb93489f999e00a7ef63536b,T1005,-1
fdc66cdabd46bc3b26aba4e59943726b,T1005,-1
fdc66cdabd46bc3b26aba4e59943726b,T1018,-1
fdc66cdabd46bc3b26aba4e59943726b,T1497,-1
fdc66cdabd46bc3b26aba4e59943726b,T1082,-1
fdc66cdabd46bc3b26aba4e59943726b,T1016,-1
fdc66cdabd46bc3b26aba4e59943726b,T1095,-1
fdc66cdabd46bc3b26aba4e59943726b,T1071,-1
fdc66cdabd46bc3b26aba4e59943726b,T1497,5
fdc66cdabd46bc3b26aba4e59943726b,T1027,5
fdc66cdabd46bc3b26aba4e59943726b,T1129,-1
118cfa75e386ed45bec297f8865de671,T1064,-1
118cfa75e386ed45bec297f8865de671,T1129,-1
118cfa75e386ed45bec297f8865de671,T1082,-1
118cfa75e386ed45bec297f8865de671,T1016,-1
118cfa75e386ed45bec297f8865de671,T1083,-1
118cfa75e386ed45bec297f8865de671,T1497,-1
118cfa75e386ed45bec297f8865de671,T1124,-1
118cfa75e386ed45bec297f8865de671,T1018,-1
118cfa75e386ed45bec297f8865de671,T1105,-1
118cfa75e386ed45bec297f8865de671,T1095,-1
118cfa75e386ed45bec297f8865de671,T1071,-1
118cfa75e386ed45bec297f8865de671,T1055,5
118cfa75e386ed45bec297f8865de671,T1064,0
118cfa75e386ed45bec297f8865de671,T1027,5
118cfa75e386ed45bec297f8865de671,T1218.011,5
118cfa75e386ed45bec297f8865de671,T1497,5
118cfa75e386ed45bec297f8865de671,T1055,-1
0812ce08a75e5fc774a114436e88cd06,T1064,-1
0812ce08a75e5fc774a114436e88cd06,T1129,-1
0812ce08a75e5fc774a114436e88cd06,T1082,-1
0812ce08a75e5fc774a114436e88cd06,T1016,-1
0812ce08a75e5fc774a114436e88cd06,T1083,-1
0812ce08a75e5fc774a114436e88cd06,T1497,-1
0812ce08a75e5fc774a114436e88cd06,T1124,-1
0812ce08a75e5fc774a114436e88cd06,T1120,-1
0812ce08a75e5fc774a114436e88cd06,T1018,-1
0812ce08a75e5fc774a114436e88cd06,T1105,-1
0812ce08a75e5fc774a114436e88cd06,T1095,-1
0812ce08a75e5fc774a114436e88cd06,T1071,-1
0812ce08a75e5fc774a114436e88cd06,T1055,5
0812ce08a75e5fc774a114436e88cd06,T1064,0
0812ce08a75e5fc774a114436e88cd06,T1027.005,5
0812ce08a75e5fc774a114436e88cd06,T1027,5
0812ce08a75e5fc774a114436e88cd06,T1218.011,5
0812ce08a75e5fc774a114436e88cd06,T1497,5
0812ce08a75e5fc774a114436e88cd06,T1564.003,5
0812ce08a75e5fc774a114436e88cd06,T1562.001,5
0812ce08a75e5fc774a114436e88cd06,T1055,-1
0812ce08a75e5fc774a114436e88cd06,T1005,-1
1bb267c96ec2925f6ae3716d831671cf,T1064,-1
1bb267c96ec2925f6ae3716d831671cf,T1129,-1
1bb267c96ec2925f6ae3716d831671cf,T1082,-1
1bb267c96ec2925f6ae3716d831671cf,T1016,-1
1bb267c96ec2925f6ae3716d831671cf,T1083,-1
1bb267c96ec2925f6ae3716d831671cf,T1497,-1
1bb267c96ec2925f6ae3716d831671cf,T1124,-1
1bb267c96ec2925f6ae3716d831671cf,T1120,-1
1bb267c96ec2925f6ae3716d831671cf,T1018,-1
1bb267c96ec2925f6ae3716d831671cf,T1105,-1
1bb267c96ec2925f6ae3716d831671cf,T1095,-1
1bb267c96ec2925f6ae3716d831671cf,T1071,-1
1bb267c96ec2925f6ae3716d831671cf,T1055,5
1bb267c96ec2925f6ae3716d831671cf,T1064,0
1bb267c96ec2925f6ae3716d831671cf,T1027,5
1bb267c96ec2925f6ae3716d831671cf,T1218.011,5
1bb267c96ec2925f6ae3716d831671cf,T1497,5
1bb267c96ec2925f6ae3716d831671cf,T1564.003,5
1bb267c96ec2925f6ae3716d831671cf,T1562.001,5
1bb267c96ec2925f6ae3716d831671cf,T1055,-1
1bb267c96ec2925f6ae3716d831671cf,T1005,-1
f4d46629ca15313b94992f3798718df7,T1547.009,-1
f4d46629ca15313b94992f3798718df7,T1547.001,-1
f4d46629ca15313b94992f3798718df7,T1037.005,-1
f4d46629ca15313b94992f3798718df7,T1064,-1
f4d46629ca15313b94992f3798718df7,T1129,-1
f4d46629ca15313b94992f3798718df7,T1204.002,-1
f4d46629ca15313b94992f3798718df7,T1559.001,-1
f4d46629ca15313b94992f3798718df7,T1010,-1
f4d46629ca15313b94992f3798718df7,T1082,-1
f4d46629ca15313b94992f3798718df7,T1124,-1
f4d46629ca15313b94992f3798718df7,T1016,-1
f4d46629ca15313b94992f3798718df7,T1083,-1
f4d46629ca15313b94992f3798718df7,T1497,-1
f4d46629ca15313b94992f3798718df7,T1518.001,-1
f4d46629ca15313b94992f3798718df7,T1120,-1
f4d46629ca15313b94992f3798718df7,T1018,-1
f4d46629ca15313b94992f3798718df7,T1105,-1
f4d46629ca15313b94992f3798718df7,T1095,-1
f4d46629ca15313b94992f3798718df7,T1071,-1
f4d46629ca15313b94992f3798718df7,T1055,5
f4d46629ca15313b94992f3798718df7,T1064,0
f4d46629ca15313b94992f3798718df7,T1027,5
f4d46629ca15313b94992f3798718df7,T1218.011,5
f4d46629ca15313b94992f3798718df7,T1497,5
f4d46629ca15313b94992f3798718df7,T1036,1
f4d46629ca15313b94992f3798718df7,T1564.003,1
f4d46629ca15313b94992f3798718df7,T1547.001,-1
f4d46629ca15313b94992f3798718df7,T1547.009,-1
f4d46629ca15313b94992f3798718df7,T1055,-1
f4d46629ca15313b94992f3798718df7,T1037.005,-1
f4d46629ca15313b94992f3798718df7,T1005,-1
df1e7a42c92ecb01290d896dca4e5faa,T1547.009,-1
df1e7a42c92ecb01290d896dca4e5faa,T1547.001,-1
df1e7a42c92ecb01290d896dca4e5faa,T1037.005,-1
df1e7a42c92ecb01290d896dca4e5faa,T1064,-1
df1e7a42c92ecb01290d896dca4e5faa,T1204.002,-1
df1e7a42c92ecb01290d896dca4e5faa,T1559.001,-1
df1e7a42c92ecb01290d896dca4e5faa,T1082,-1
df1e7a42c92ecb01290d896dca4e5faa,T1124,-1
df1e7a42c92ecb01290d896dca4e5faa,T1016,-1
df1e7a42c92ecb01290d896dca4e5faa,T1083,-1
df1e7a42c92ecb01290d896dca4e5faa,T1497,-1
df1e7a42c92ecb01290d896dca4e5faa,T1518.001,-1
df1e7a42c92ecb01290d896dca4e5faa,T1018,-1
df1e7a42c92ecb01290d896dca4e5faa,T1105,-1
df1e7a42c92ecb01290d896dca4e5faa,T1095,-1
df1e7a42c92ecb01290d896dca4e5faa,T1071,-1
df1e7a42c92ecb01290d896dca4e5faa,T1055,5
df1e7a42c92ecb01290d896dca4e5faa,T1064,0
df1e7a42c92ecb01290d896dca4e5faa,T1218.011,5
df1e7a42c92ecb01290d896dca4e5faa,T1497,5
df1e7a42c92ecb01290d896dca4e5faa,T1036,1
df1e7a42c92ecb01290d896dca4e5faa,T1547.001,-1
df1e7a42c92ecb01290d896dca4e5faa,T1547.009,-1
df1e7a42c92ecb01290d896dca4e5faa,T1055,-1
df1e7a42c92ecb01290d896dca4e5faa,T1037.005,-1
145735911e9c8bafa4c9c1d7397199fc,T1064,-1
145735911e9c8bafa4c9c1d7397199fc,T1129,-1
145735911e9c8bafa4c9c1d7397199fc,T1082,-1
145735911e9c8bafa4c9c1d7397199fc,T1016,-1
145735911e9c8bafa4c9c1d7397199fc,T1083,-1
145735911e9c8bafa4c9c1d7397199fc,T1497,-1
145735911e9c8bafa4c9c1d7397199fc,T1124,-1
145735911e9c8bafa4c9c1d7397199fc,T1120,-1
145735911e9c8bafa4c9c1d7397199fc,T1018,-1
145735911e9c8bafa4c9c1d7397199fc,T1105,-1
145735911e9c8bafa4c9c1d7397199fc,T1095,-1
145735911e9c8bafa4c9c1d7397199fc,T1071,-1
145735911e9c8bafa4c9c1d7397199fc,T1055,5
145735911e9c8bafa4c9c1d7397199fc,T1064,0
145735911e9c8bafa4c9c1d7397199fc,T1027,5
145735911e9c8bafa4c9c1d7397199fc,T1497,5
145735911e9c8bafa4c9c1d7397199fc,T1564.003,5
145735911e9c8bafa4c9c1d7397199fc,T1055,-1
145735911e9c8bafa4c9c1d7397199fc,T1005,-1
3bf9b83e00544ac383aaef795e3ded78,T1010,-1
3bf9b83e00544ac383aaef795e3ded78,T1016,-1
3bf9b83e00544ac383aaef795e3ded78,T1497,-1
3bf9b83e00544ac383aaef795e3ded78,T1124,-1
3bf9b83e00544ac383aaef795e3ded78,T1120,-1
3bf9b83e00544ac383aaef795e3ded78,T1082,-1
3bf9b83e00544ac383aaef795e3ded78,T1071,-1
3bf9b83e00544ac383aaef795e3ded78,T1573,-1
3bf9b83e00544ac383aaef795e3ded78,T1055,5
3bf9b83e00544ac383aaef795e3ded78,T1027,5
3bf9b83e00544ac383aaef795e3ded78,T1218.011,5
3bf9b83e00544ac383aaef795e3ded78,T1497,5
3bf9b83e00544ac383aaef795e3ded78,T1070.006,1
3bf9b83e00544ac383aaef795e3ded78,T1055,-1
3bf9b83e00544ac383aaef795e3ded78,T1005,-1
3bf9b83e00544ac383aaef795e3ded78,T1129,-1
5c41cbf8a7620e10f158f6b70963d1cb,T1547.008,-1
5c41cbf8a7620e10f158f6b70963d1cb,T1543.003,-1
5c41cbf8a7620e10f158f6b70963d1cb,T1129,-1
5c41cbf8a7620e10f158f6b70963d1cb,T1059,-1
5c41cbf8a7620e10f158f6b70963d1cb,T1010,-1
5c41cbf8a7620e10f158f6b70963d1cb,T1082,-1
5c41cbf8a7620e10f158f6b70963d1cb,T1016,-1
5c41cbf8a7620e10f158f6b70963d1cb,T1497,-1
5c41cbf8a7620e10f158f6b70963d1cb,T1518.001,-1
5c41cbf8a7620e10f158f6b70963d1cb,T1018,-1
5c41cbf8a7620e10f158f6b70963d1cb,T1095,-1
5c41cbf8a7620e10f158f6b70963d1cb,T1071,-1
5c41cbf8a7620e10f158f6b70963d1cb,T1573,-1
5c41cbf8a7620e10f158f6b70963d1cb,T1497,5
5c41cbf8a7620e10f158f6b70963d1cb,T1027,5
5c41cbf8a7620e10f158f6b70963d1cb,T1055,5
5c41cbf8a7620e10f158f6b70963d1cb,T1547.008,-1
5c41cbf8a7620e10f158f6b70963d1cb,T1543.003,-1
5c41cbf8a7620e10f158f6b70963d1cb,T1055,-1
4df757390adf71abdd084d3e9718c153,T1010,-1
4df757390adf71abdd084d3e9718c153,T1124,-1
4df757390adf71abdd084d3e9718c153,T1016,-1
4df757390adf71abdd084d3e9718c153,T1083,-1
4df757390adf71abdd084d3e9718c153,T1497,-1
4df757390adf71abdd084d3e9718c153,T1518.001,-1
4df757390adf71abdd084d3e9718c153,T1082,-1
4df757390adf71abdd084d3e9718c153,T1095,-1
4df757390adf71abdd084d3e9718c153,T1071,-1
4df757390adf71abdd084d3e9718c153,T1573,-1
4df757390adf71abdd084d3e9718c153,T1218.011,5
4df757390adf71abdd084d3e9718c153,T1497,5
4df757390adf71abdd084d3e9718c153,T1027,5
4df757390adf71abdd084d3e9718c153,T1055,5
4df757390adf71abdd084d3e9718c153,T1055,-1
4df757390adf71abdd084d3e9718c153,T1129,-1
505262547f8879249794fc31eea41fc6,T1010,-1
505262547f8879249794fc31eea41fc6,T1016,-1
505262547f8879249794fc31eea41fc6,T1083,-1
505262547f8879249794fc31eea41fc6,T1497,-1
505262547f8879249794fc31eea41fc6,T1518.001,-1
505262547f8879249794fc31eea41fc6,T1082,-1
505262547f8879249794fc31eea41fc6,T1071,-1
505262547f8879249794fc31eea41fc6,T1573,-1
505262547f8879249794fc31eea41fc6,T1134,5
505262547f8879249794fc31eea41fc6,T1497,5
505262547f8879249794fc31eea41fc6,T1027,5
505262547f8879249794fc31eea41fc6,T1115,-1
505262547f8879249794fc31eea41fc6,T1056.001,-1
505262547f8879249794fc31eea41fc6,T1129,-1
505262547f8879249794fc31eea41fc6,T1056.001,-1
505262547f8879249794fc31eea41fc6,T1134,-1
abaeecd83a585ec0c5f1153199938e83,T1010,-1
abaeecd83a585ec0c5f1153199938e83,T1016,-1
abaeecd83a585ec0c5f1153199938e83,T1497,-1
abaeecd83a585ec0c5f1153199938e83,T1124,-1
abaeecd83a585ec0c5f1153199938e83,T1120,-1
abaeecd83a585ec0c5f1153199938e83,T1082,-1
abaeecd83a585ec0c5f1153199938e83,T1071,-1
abaeecd83a585ec0c5f1153199938e83,T1573,-1
abaeecd83a585ec0c5f1153199938e83,T1218.011,5
abaeecd83a585ec0c5f1153199938e83,T1497,5
abaeecd83a585ec0c5f1153199938e83,T1055,5
abaeecd83a585ec0c5f1153199938e83,T1055,-1
525cc10803d9858fca5dc4010925ba68,T1010,-1
525cc10803d9858fca5dc4010925ba68,T1016,-1
525cc10803d9858fca5dc4010925ba68,T1083,-1
525cc10803d9858fca5dc4010925ba68,T1497,-1
525cc10803d9858fca5dc4010925ba68,T1518.001,-1
525cc10803d9858fca5dc4010925ba68,T1082,-1
525cc10803d9858fca5dc4010925ba68,T1071,-1
525cc10803d9858fca5dc4010925ba68,T1573,-1
525cc10803d9858fca5dc4010925ba68,T1134,5
525cc10803d9858fca5dc4010925ba68,T1497,5
525cc10803d9858fca5dc4010925ba68,T1027,5
525cc10803d9858fca5dc4010925ba68,T1115,-1
525cc10803d9858fca5dc4010925ba68,T1056.001,-1
525cc10803d9858fca5dc4010925ba68,T1129,-1
525cc10803d9858fca5dc4010925ba68,T1056.001,-1
525cc10803d9858fca5dc4010925ba68,T1134,-1
fffad123bd6df76f94ffc9b384a067fc,T1124,-1
fffad123bd6df76f94ffc9b384a067fc,T1497,-1
fffad123bd6df76f94ffc9b384a067fc,T1082,-1
fffad123bd6df76f94ffc9b384a067fc,T1010,-1
fffad123bd6df76f94ffc9b384a067fc,T1071,-1
fffad123bd6df76f94ffc9b384a067fc,T1573,-1
fffad123bd6df76f94ffc9b384a067fc,T1218.011,5
fffad123bd6df76f94ffc9b384a067fc,T1497,5
fffad123bd6df76f94ffc9b384a067fc,T1055,5
fffad123bd6df76f94ffc9b384a067fc,T1055,-1
92e34e16ea05360adab1e66521b989c4,T1010,-1
92e34e16ea05360adab1e66521b989c4,T1016,-1
92e34e16ea05360adab1e66521b989c4,T1083,-1
92e34e16ea05360adab1e66521b989c4,T1497,-1
92e34e16ea05360adab1e66521b989c4,T1082,-1
92e34e16ea05360adab1e66521b989c4,T1095,-1
92e34e16ea05360adab1e66521b989c4,T1071,-1
92e34e16ea05360adab1e66521b989c4,T1573,-1
92e34e16ea05360adab1e66521b989c4,T1134,5
92e34e16ea05360adab1e66521b989c4,T1497,5
92e34e16ea05360adab1e66521b989c4,T1027,5
92e34e16ea05360adab1e66521b989c4,T1115,-1
92e34e16ea05360adab1e66521b989c4,T1056.001,-1
92e34e16ea05360adab1e66521b989c4,T1129,-1
92e34e16ea05360adab1e66521b989c4,T1056.001,-1
92e34e16ea05360adab1e66521b989c4,T1134,-1
159ad2afcab80e83397388e495d215a5,T1010,-1
159ad2afcab80e83397388e495d215a5,T1016,-1
159ad2afcab80e83397388e495d215a5,T1497,-1
159ad2afcab80e83397388e495d215a5,T1124,-1
159ad2afcab80e83397388e495d215a5,T1120,-1
159ad2afcab80e83397388e495d215a5,T1082,-1
159ad2afcab80e83397388e495d215a5,T1571,-1
159ad2afcab80e83397388e495d215a5,T1218.011,5
159ad2afcab80e83397388e495d215a5,T1497,5
159ad2afcab80e83397388e495d215a5,T1055,5
159ad2afcab80e83397388e495d215a5,T1055,-1
159ad2afcab80e83397388e495d215a5,T1005,-1
7b81ea543bb57d2b6db1610d8b424e95,T1497,-1
7b81ea543bb57d2b6db1610d8b424e95,T1082,-1
7b81ea543bb57d2b6db1610d8b424e95,T1010,-1
7b81ea543bb57d2b6db1610d8b424e95,T1016,-1
7b81ea543bb57d2b6db1610d8b424e95,T1571,-1
7b81ea543bb57d2b6db1610d8b424e95,T1497,5
7b81ea543bb57d2b6db1610d8b424e95,T1027,5
7b81ea543bb57d2b6db1610d8b424e95,T1129,-1
bf4a822f04193b953689e277a9e1f4f1,T1010,-1
bf4a822f04193b953689e277a9e1f4f1,T1016,-1
bf4a822f04193b953689e277a9e1f4f1,T1497,-1
bf4a822f04193b953689e277a9e1f4f1,T1124,-1
bf4a822f04193b953689e277a9e1f4f1,T1082,-1
bf4a822f04193b953689e277a9e1f4f1,T1071,-1
bf4a822f04193b953689e277a9e1f4f1,T1573,-1
bf4a822f04193b953689e277a9e1f4f1,T1218.011,5
bf4a822f04193b953689e277a9e1f4f1,T1497,5
bf4a822f04193b953689e277a9e1f4f1,T1055,5
bf4a822f04193b953689e277a9e1f4f1,T1070.006,1
bf4a822f04193b953689e277a9e1f4f1,T1055,-1
bf4a822f04193b953689e277a9e1f4f1,T1005,-1
67220baf2a415876bee2d43c11f6e9ad,T1010,-1
67220baf2a415876bee2d43c11f6e9ad,T1016,-1
67220baf2a415876bee2d43c11f6e9ad,T1497,-1
67220baf2a415876bee2d43c11f6e9ad,T1124,-1
67220baf2a415876bee2d43c11f6e9ad,T1082,-1
67220baf2a415876bee2d43c11f6e9ad,T1071,-1
67220baf2a415876bee2d43c11f6e9ad,T1573,-1
67220baf2a415876bee2d43c11f6e9ad,T1055,5
67220baf2a415876bee2d43c11f6e9ad,T1218.011,5
67220baf2a415876bee2d43c11f6e9ad,T1497,5
67220baf2a415876bee2d43c11f6e9ad,T1070.006,1
67220baf2a415876bee2d43c11f6e9ad,T1562.001,5
67220baf2a415876bee2d43c11f6e9ad,T1055,-1
67220baf2a415876bee2d43c11f6e9ad,T1005,-1
38917e8aa02b58b09401383115ab549e,T1010,-1
38917e8aa02b58b09401383115ab549e,T1016,-1
38917e8aa02b58b09401383115ab549e,T1497,-1
38917e8aa02b58b09401383115ab549e,T1124,-1
38917e8aa02b58b09401383115ab549e,T1082,-1
38917e8aa02b58b09401383115ab549e,T1071,-1
38917e8aa02b58b09401383115ab549e,T1573,-1
38917e8aa02b58b09401383115ab549e,T1218.011,5
38917e8aa02b58b09401383115ab549e,T1497,5
38917e8aa02b58b09401383115ab549e,T1055,5
38917e8aa02b58b09401383115ab549e,T1070.006,1
38917e8aa02b58b09401383115ab549e,T1055,-1
38917e8aa02b58b09401383115ab549e,T1005,-1
ef3a6978c7d454f9f6316f2d267f108d,T1010,-1
ef3a6978c7d454f9f6316f2d267f108d,T1016,-1
ef3a6978c7d454f9f6316f2d267f108d,T1083,-1
ef3a6978c7d454f9f6316f2d267f108d,T1497,-1
ef3a6978c7d454f9f6316f2d267f108d,T1124,-1
ef3a6978c7d454f9f6316f2d267f108d,T1082,-1
ef3a6978c7d454f9f6316f2d267f108d,T1071,-1
ef3a6978c7d454f9f6316f2d267f108d,T1573,-1
ef3a6978c7d454f9f6316f2d267f108d,T1055,5
ef3a6978c7d454f9f6316f2d267f108d,T1027,5
ef3a6978c7d454f9f6316f2d267f108d,T1218.011,5
ef3a6978c7d454f9f6316f2d267f108d,T1497,5
ef3a6978c7d454f9f6316f2d267f108d,T1070.006,1
ef3a6978c7d454f9f6316f2d267f108d,T1055,-1
ef3a6978c7d454f9f6316f2d267f108d,T1005,-1
ef3a6978c7d454f9f6316f2d267f108d,T1129,-1
33c2e887c3d337eeffbbd8745bfdfc8f,T1010,-1
33c2e887c3d337eeffbbd8745bfdfc8f,T1016,-1
33c2e887c3d337eeffbbd8745bfdfc8f,T1497,-1
33c2e887c3d337eeffbbd8745bfdfc8f,T1124,-1
33c2e887c3d337eeffbbd8745bfdfc8f,T1082,-1
33c2e887c3d337eeffbbd8745bfdfc8f,T1071,-1
33c2e887c3d337eeffbbd8745bfdfc8f,T1573,-1
33c2e887c3d337eeffbbd8745bfdfc8f,T1218.011,5
33c2e887c3d337eeffbbd8745bfdfc8f,T1497,5
33c2e887c3d337eeffbbd8745bfdfc8f,T1055,5
33c2e887c3d337eeffbbd8745bfdfc8f,T1070.006,1
33c2e887c3d337eeffbbd8745bfdfc8f,T1055,-1
33c2e887c3d337eeffbbd8745bfdfc8f,T1005,-1
6e710f6f02fdde1e4adf06935a296fd8,T1497,-1
6e710f6f02fdde1e4adf06935a296fd8,T1082,-1
6e710f6f02fdde1e4adf06935a296fd8,T1010,-1
6e710f6f02fdde1e4adf06935a296fd8,T1016,-1
6e710f6f02fdde1e4adf06935a296fd8,T1573,-1
6e710f6f02fdde1e4adf06935a296fd8,T1071,-1
6e710f6f02fdde1e4adf06935a296fd8,T1497,5
6e710f6f02fdde1e4adf06935a296fd8,T1027,5
6e710f6f02fdde1e4adf06935a296fd8,T1129,-1
eef723ff0b5c0b10d391955250f781b3,T1010,-1
eef723ff0b5c0b10d391955250f781b3,T1016,-1
eef723ff0b5c0b10d391955250f781b3,T1497,-1
eef723ff0b5c0b10d391955250f781b3,T1124,-1
eef723ff0b5c0b10d391955250f781b3,T1082,-1
eef723ff0b5c0b10d391955250f781b3,T1071,-1
eef723ff0b5c0b10d391955250f781b3,T1573,-1
eef723ff0b5c0b10d391955250f781b3,T1218.011,5
eef723ff0b5c0b10d391955250f781b3,T1497,5
eef723ff0b5c0b10d391955250f781b3,T1055,5
eef723ff0b5c0b10d391955250f781b3,T1562.001,5
eef723ff0b5c0b10d391955250f781b3,T1055,-1
fc3c31bbdbeee99aba5f7a735fac7a7e,T1010,-1
fc3c31bbdbeee99aba5f7a735fac7a7e,T1016,-1
fc3c31bbdbeee99aba5f7a735fac7a7e,T1497,-1
fc3c31bbdbeee99aba5f7a735fac7a7e,T1124,-1
fc3c31bbdbeee99aba5f7a735fac7a7e,T1082,-1
fc3c31bbdbeee99aba5f7a735fac7a7e,T1071,-1
fc3c31bbdbeee99aba5f7a735fac7a7e,T1573,-1
fc3c31bbdbeee99aba5f7a735fac7a7e,T1218.011,5
fc3c31bbdbeee99aba5f7a735fac7a7e,T1497,5
fc3c31bbdbeee99aba5f7a735fac7a7e,T1055,5
fc3c31bbdbeee99aba5f7a735fac7a7e,T1055,-1
569246a3325effa11cb8ff362428ab2c,T1010,-1
569246a3325effa11cb8ff362428ab2c,T1016,-1
569246a3325effa11cb8ff362428ab2c,T1497,-1
569246a3325effa11cb8ff362428ab2c,T1124,-1
569246a3325effa11cb8ff362428ab2c,T1082,-1
569246a3325effa11cb8ff362428ab2c,T1071,-1
569246a3325effa11cb8ff362428ab2c,T1573,-1
569246a3325effa11cb8ff362428ab2c,T1218.011,5
569246a3325effa11cb8ff362428ab2c,T1497,5
569246a3325effa11cb8ff362428ab2c,T1055,5
569246a3325effa11cb8ff362428ab2c,T1055,-1
5b387a9130e9b9782ca4c225c8e641b3,T1010,-1
5b387a9130e9b9782ca4c225c8e641b3,T1016,-1
5b387a9130e9b9782ca4c225c8e641b3,T1497,-1
5b387a9130e9b9782ca4c225c8e641b3,T1124,-1
5b387a9130e9b9782ca4c225c8e641b3,T1082,-1
5b387a9130e9b9782ca4c225c8e641b3,T1071,-1
5b387a9130e9b9782ca4c225c8e641b3,T1573,-1
5b387a9130e9b9782ca4c225c8e641b3,T1218.011,5
5b387a9130e9b9782ca4c225c8e641b3,T1497,5
5b387a9130e9b9782ca4c225c8e641b3,T1055,5
5b387a9130e9b9782ca4c225c8e641b3,T1562.001,5
5b387a9130e9b9782ca4c225c8e641b3,T1055,-1
8b378eabcec13c3c925cc7ca4d191f5f,T1010,-1
8b378eabcec13c3c925cc7ca4d191f5f,T1016,-1
8b378eabcec13c3c925cc7ca4d191f5f,T1497,-1
8b378eabcec13c3c925cc7ca4d191f5f,T1124,-1
8b378eabcec13c3c925cc7ca4d191f5f,T1082,-1
8b378eabcec13c3c925cc7ca4d191f5f,T1071,-1
8b378eabcec13c3c925cc7ca4d191f5f,T1573,-1
8b378eabcec13c3c925cc7ca4d191f5f,T1218.011,5
8b378eabcec13c3c925cc7ca4d191f5f,T1497,5
8b378eabcec13c3c925cc7ca4d191f5f,T1055,5
8b378eabcec13c3c925cc7ca4d191f5f,T1055,-1
d63bb2c5cd4cfbe8fabf1640b569db6a,T1010,-1
d63bb2c5cd4cfbe8fabf1640b569db6a,T1016,-1
d63bb2c5cd4cfbe8fabf1640b569db6a,T1497,-1
d63bb2c5cd4cfbe8fabf1640b569db6a,T1124,-1
d63bb2c5cd4cfbe8fabf1640b569db6a,T1082,-1
d63bb2c5cd4cfbe8fabf1640b569db6a,T1071,-1
d63bb2c5cd4cfbe8fabf1640b569db6a,T1573,-1
d63bb2c5cd4cfbe8fabf1640b569db6a,T1218.011,5
d63bb2c5cd4cfbe8fabf1640b569db6a,T1497,5
d63bb2c5cd4cfbe8fabf1640b569db6a,T1055,5
d63bb2c5cd4cfbe8fabf1640b569db6a,T1055,-1
3b494133f1a673b2b04df4f4f996a25d,T1010,-1
3b494133f1a673b2b04df4f4f996a25d,T1016,-1
3b494133f1a673b2b04df4f4f996a25d,T1497,-1
3b494133f1a673b2b04df4f4f996a25d,T1124,-1
3b494133f1a673b2b04df4f4f996a25d,T1082,-1
3b494133f1a673b2b04df4f4f996a25d,T1071,-1
3b494133f1a673b2b04df4f4f996a25d,T1573,-1
3b494133f1a673b2b04df4f4f996a25d,T1218.011,5
3b494133f1a673b2b04df4f4f996a25d,T1497,5
3b494133f1a673b2b04df4f4f996a25d,T1055,5
3b494133f1a673b2b04df4f4f996a25d,T1055,-1
d1a99087fa3793fbc4d0adb26e87efce,T1010,-1
d1a99087fa3793fbc4d0adb26e87efce,T1016,-1
d1a99087fa3793fbc4d0adb26e87efce,T1497,-1
d1a99087fa3793fbc4d0adb26e87efce,T1124,-1
d1a99087fa3793fbc4d0adb26e87efce,T1082,-1
d1a99087fa3793fbc4d0adb26e87efce,T1071,-1
d1a99087fa3793fbc4d0adb26e87efce,T1573,-1
d1a99087fa3793fbc4d0adb26e87efce,T1218.011,5
d1a99087fa3793fbc4d0adb26e87efce,T1497,5
d1a99087fa3793fbc4d0adb26e87efce,T1055,5
d1a99087fa3793fbc4d0adb26e87efce,T1055,-1
62eae43a36cbc4ed935d8df007f5650b,T1010,-1
62eae43a36cbc4ed935d8df007f5650b,T1016,-1
62eae43a36cbc4ed935d8df007f5650b,T1497,-1
62eae43a36cbc4ed935d8df007f5650b,T1124,-1
62eae43a36cbc4ed935d8df007f5650b,T1082,-1
62eae43a36cbc4ed935d8df007f5650b,T1071,-1
62eae43a36cbc4ed935d8df007f5650b,T1573,-1
62eae43a36cbc4ed935d8df007f5650b,T1218.011,5
62eae43a36cbc4ed935d8df007f5650b,T1497,5
62eae43a36cbc4ed935d8df007f5650b,T1055,5
62eae43a36cbc4ed935d8df007f5650b,T1055,-1
e5ff537666b387c39a406cbbb359b2ed,T1124,-1
e5ff537666b387c39a406cbbb359b2ed,T1614.001,-1
e5ff537666b387c39a406cbbb359b2ed,T1082,-1
e5ff537666b387c39a406cbbb359b2ed,T1497.003,-1
e5ff537666b387c39a406cbbb359b2ed,T1036,1
e5ff537666b387c39a406cbbb359b2ed,T1553.004,1
e5ff537666b387c39a406cbbb359b2ed,T1055,5
e5ff537666b387c39a406cbbb359b2ed,T1497.003,5
e5ff537666b387c39a406cbbb359b2ed,T1055,-1
e5ff537666b387c39a406cbbb359b2ed,T1559.002,-1
e5ff537666b387c39a406cbbb359b2ed,T1559.001,-1
e5ff537666b387c39a406cbbb359b2ed,T1005,-1
8ed89d14dee005ea59634aade15dba97,T1547.001,-1
8ed89d14dee005ea59634aade15dba97,T1546.001,-1
8ed89d14dee005ea59634aade15dba97,T1064,-1
8ed89d14dee005ea59634aade15dba97,T1203,-1
8ed89d14dee005ea59634aade15dba97,T1082,-1
8ed89d14dee005ea59634aade15dba97,T1124,-1
8ed89d14dee005ea59634aade15dba97,T1057,-1
8ed89d14dee005ea59634aade15dba97,T1016,-1
8ed89d14dee005ea59634aade15dba97,T1083,-1
8ed89d14dee005ea59634aade15dba97,T1497,-1
8ed89d14dee005ea59634aade15dba97,T1614.001,-1
8ed89d14dee005ea59634aade15dba97,T1497.003,-1
8ed89d14dee005ea59634aade15dba97,T1518.001,-1
8ed89d14dee005ea59634aade15dba97,T1120,-1
8ed89d14dee005ea59634aade15dba97,T1018,-1
8ed89d14dee005ea59634aade15dba97,T1518,-1
8ed89d14dee005ea59634aade15dba97,T1095,-1
8ed89d14dee005ea59634aade15dba97,T1071,-1
8ed89d14dee005ea59634aade15dba97,T1573,-1
8ed89d14dee005ea59634aade15dba97,T1055,5
8ed89d14dee005ea59634aade15dba97,T1064,0
8ed89d14dee005ea59634aade15dba97,T1218.011,5
8ed89d14dee005ea59634aade15dba97,T1497,5
8ed89d14dee005ea59634aade15dba97,T1497.003,5
8ed89d14dee005ea59634aade15dba97,T1036,1
8ed89d14dee005ea59634aade15dba97,T1055.011,5
8ed89d14dee005ea59634aade15dba97,T1564.003,5
8ed89d14dee005ea59634aade15dba97,T1547.001,-1
8ed89d14dee005ea59634aade15dba97,T1055.011,-1
8ed89d14dee005ea59634aade15dba97,T1055,-1
8ed89d14dee005ea59634aade15dba97,T1546.001,-1
058542975392c9636371b88a3f6142d7,T1083,-1
058542975392c9636371b88a3f6142d7,T1036,1
058542975392c9636371b88a3f6142d7,T1055.011,5
058542975392c9636371b88a3f6142d7,T1027,5
058542975392c9636371b88a3f6142d7,T1055.011,-1
963e8cfaa40226ba2e5d516464572446,T1018,-1
963e8cfaa40226ba2e5d516464572446,T1497,-1
963e8cfaa40226ba2e5d516464572446,T1518.001,-1
963e8cfaa40226ba2e5d516464572446,T1082,-1
963e8cfaa40226ba2e5d516464572446,T1218.011,5
963e8cfaa40226ba2e5d516464572446,T1497,5
963e8cfaa40226ba2e5d516464572446,T1055,5
963e8cfaa40226ba2e5d516464572446,T1055,-1
12011c44955fd6631113f68a99447515,T1056,-1
12011c44955fd6631113f68a99447515,T1129,-1
12011c44955fd6631113f68a99447515,T1059,-1
12011c44955fd6631113f68a99447515,T1083,-1
12011c44955fd6631113f68a99447515,T1497,-1
12011c44955fd6631113f68a99447515,T1614,-1
12011c44955fd6631113f68a99447515,T1124,-1
12011c44955fd6631113f68a99447515,T1082,-1
12011c44955fd6631113f68a99447515,T1056,-1
12011c44955fd6631113f68a99447515,T1027.005,5
12011c44955fd6631113f68a99447515,T1497,5
12011c44955fd6631113f68a99447515,T1027,5
12011c44955fd6631113f68a99447515,T1055,5
12011c44955fd6631113f68a99447515,T1095,-1
12011c44955fd6631113f68a99447515,T1071,-1
12011c44955fd6631113f68a99447515,T1055,-1
994c02f8c721254a959ed9bc823ab94b,T1574.002,-1
994c02f8c721254a959ed9bc823ab94b,T1546.001,-1
994c02f8c721254a959ed9bc823ab94b,T1203,-1
994c02f8c721254a959ed9bc823ab94b,T1018,-1
994c02f8c721254a959ed9bc823ab94b,T1083,-1
994c02f8c721254a959ed9bc823ab94b,T1082,-1
994c02f8c721254a959ed9bc823ab94b,T1012,-1
994c02f8c721254a959ed9bc823ab94b,T1095,-1
994c02f8c721254a959ed9bc823ab94b,T1071,-1
994c02f8c721254a959ed9bc823ab94b,T1573,-1
994c02f8c721254a959ed9bc823ab94b,T1055,5
994c02f8c721254a959ed9bc823ab94b,T1218.011,5
994c02f8c721254a959ed9bc823ab94b,T1574.002,5
994c02f8c721254a959ed9bc823ab94b,T1036,1
994c02f8c721254a959ed9bc823ab94b,T1055.011,5
994c02f8c721254a959ed9bc823ab94b,T1055.011,-1
994c02f8c721254a959ed9bc823ab94b,T1055,-1
994c02f8c721254a959ed9bc823ab94b,T1574.002,-1
994c02f8c721254a959ed9bc823ab94b,T1546.001,-1
bc731ade86b380e87eb6188b7f2b4255,T1124,-1
bc731ade86b380e87eb6188b7f2b4255,T1083,-1
bc731ade86b380e87eb6188b7f2b4255,T1082,-1
bc731ade86b380e87eb6188b7f2b4255,T1027.002,5
bc731ade86b380e87eb6188b7f2b4255,T1027,5
bc731ade86b380e87eb6188b7f2b4255,T1055,5
bc731ade86b380e87eb6188b7f2b4255,T1055,-1
cef99063e85af8b065de0ffa9d26cb03,T1129,-1
cef99063e85af8b065de0ffa9d26cb03,T1083,-1
cef99063e85af8b065de0ffa9d26cb03,T1497.001,-1
cef99063e85af8b065de0ffa9d26cb03,T1082,-1
cef99063e85af8b065de0ffa9d26cb03,T1016,-1
cef99063e85af8b065de0ffa9d26cb03,T1497.001,5
cef99063e85af8b065de0ffa9d26cb03,T1027.005,5
cef99063e85af8b065de0ffa9d26cb03,T1027,5
6de65fc57a4428ad7e262e980a7f6cc7,T1497.001,-1
6de65fc57a4428ad7e262e980a7f6cc7,T1497,-1
6de65fc57a4428ad7e262e980a7f6cc7,T1082,-1
6de65fc57a4428ad7e262e980a7f6cc7,T1016,-1
6de65fc57a4428ad7e262e980a7f6cc7,T1071,-1
6de65fc57a4428ad7e262e980a7f6cc7,T1573,-1
6de65fc57a4428ad7e262e980a7f6cc7,T1497.001,5
6de65fc57a4428ad7e262e980a7f6cc7,T1055,5
6de65fc57a4428ad7e262e980a7f6cc7,T1027.005,5
6de65fc57a4428ad7e262e980a7f6cc7,T1027,5
6de65fc57a4428ad7e262e980a7f6cc7,T1218.011,5
6de65fc57a4428ad7e262e980a7f6cc7,T1497,5
6de65fc57a4428ad7e262e980a7f6cc7,T1055,-1
6de65fc57a4428ad7e262e980a7f6cc7,T1129,-1
8910bdaaa6d3d40e9f60523d3a34f914,T1056,-1
8910bdaaa6d3d40e9f60523d3a34f914,T1129,-1
8910bdaaa6d3d40e9f60523d3a34f914,T1059,-1
8910bdaaa6d3d40e9f60523d3a34f914,T1497.001,-1
8910bdaaa6d3d40e9f60523d3a34f914,T1016,-1
8910bdaaa6d3d40e9f60523d3a34f914,T1083,-1
8910bdaaa6d3d40e9f60523d3a34f914,T1518.001,-1
8910bdaaa6d3d40e9f60523d3a34f914,T1082,-1
8910bdaaa6d3d40e9f60523d3a34f914,T1071,-1
8910bdaaa6d3d40e9f60523d3a34f914,T1573,-1
8910bdaaa6d3d40e9f60523d3a34f914,T1497.001,5
8910bdaaa6d3d40e9f60523d3a34f914,T1027.005,5
8910bdaaa6d3d40e9f60523d3a34f914,T1027,5
8910bdaaa6d3d40e9f60523d3a34f914,T1112,1
8910bdaaa6d3d40e9f60523d3a34f914,T1056,-1
bea49839390e4f1eb3cb38d0fcaf897e,T1083,-1
bea49839390e4f1eb3cb38d0fcaf897e,T1497.001,-1
bea49839390e4f1eb3cb38d0fcaf897e,T1082,-1
bea49839390e4f1eb3cb38d0fcaf897e,T1016,-1
bea49839390e4f1eb3cb38d0fcaf897e,T1071,-1
bea49839390e4f1eb3cb38d0fcaf897e,T1573,-1
bea49839390e4f1eb3cb38d0fcaf897e,T1497.001,5
bea49839390e4f1eb3cb38d0fcaf897e,T1055,5
bea49839390e4f1eb3cb38d0fcaf897e,T1027.005,5
bea49839390e4f1eb3cb38d0fcaf897e,T1027,5
bea49839390e4f1eb3cb38d0fcaf897e,T1218.011,5
bea49839390e4f1eb3cb38d0fcaf897e,T1055,-1
bea49839390e4f1eb3cb38d0fcaf897e,T1129,-1
80c0efb9e129f7f9b05a783df6959812,T1518.001,-1
80c0efb9e129f7f9b05a783df6959812,T1071,-1
80c0efb9e129f7f9b05a783df6959812,T1573,-1
80c0efb9e129f7f9b05a783df6959812,T1027,5
403ad5ef66f3932e548e29e1b6a2cb4f,T1082,-1
403ad5ef66f3932e548e29e1b6a2cb4f,T1027,5
22a968beda8a033eb31ae175b7e0a937,T1497.001,-1
22a968beda8a033eb31ae175b7e0a937,T1016,-1
22a968beda8a033eb31ae175b7e0a937,T1497,-1
22a968beda8a033eb31ae175b7e0a937,T1518.001,-1
22a968beda8a033eb31ae175b7e0a937,T1082,-1
22a968beda8a033eb31ae175b7e0a937,T1071,-1
22a968beda8a033eb31ae175b7e0a937,T1573,-1
22a968beda8a033eb31ae175b7e0a937,T1497.001,5
22a968beda8a033eb31ae175b7e0a937,T1055,5
22a968beda8a033eb31ae175b7e0a937,T1027.005,5
22a968beda8a033eb31ae175b7e0a937,T1027,5
22a968beda8a033eb31ae175b7e0a937,T1218.011,5
22a968beda8a033eb31ae175b7e0a937,T1497,5
22a968beda8a033eb31ae175b7e0a937,T1055,-1
22a968beda8a033eb31ae175b7e0a937,T1129,-1
2214d7be0f052cc284c64438a1782a77,T1064,-1
2214d7be0f052cc284c64438a1782a77,T1059,-1
2214d7be0f052cc284c64438a1782a77,T1518.001,-1
2214d7be0f052cc284c64438a1782a77,T1083,-1
2214d7be0f052cc284c64438a1782a77,T1082,-1
2214d7be0f052cc284c64438a1782a77,T1064,0
2214d7be0f052cc284c64438a1782a77,T1222,1
2214d7be0f052cc284c64438a1782a77,T1055,5
2214d7be0f052cc284c64438a1782a77,T1564.001,1
2214d7be0f052cc284c64438a1782a77,T1543.002,-1
2214d7be0f052cc284c64438a1782a77,T1055,-1
2214d7be0f052cc284c64438a1782a77,T1543.002,-1
4a08178e0e446798ae185ef42354815c,T1497,-1
4a08178e0e446798ae185ef42354815c,T1082,-1
4a08178e0e446798ae185ef42354815c,T1218.011,5
4a08178e0e446798ae185ef42354815c,T1497,5
4a08178e0e446798ae185ef42354815c,T1055,5
4a08178e0e446798ae185ef42354815c,T1055,-1
4a08178e0e446798ae185ef42354815c,T1129,-1
43b3a19fa14d6c1a53ea37020e153b68,T1059.003,-1
43b3a19fa14d6c1a53ea37020e153b68,T1083,-1
43b3a19fa14d6c1a53ea37020e153b68,T1120,-1
43b3a19fa14d6c1a53ea37020e153b68,T1564.003,5
43b3a19fa14d6c1a53ea37020e153b68,T1140,5
01c0b7c5bf605ed267b2be3d024eb90f,T1056,-1
01c0b7c5bf605ed267b2be3d024eb90f,T1543.004,-1
01c0b7c5bf605ed267b2be3d024eb90f,T1543.001,-1
01c0b7c5bf605ed267b2be3d024eb90f,T1547.011,-1
01c0b7c5bf605ed267b2be3d024eb90f,T1064,-1
01c0b7c5bf605ed267b2be3d024eb90f,T1569.001,-1
01c0b7c5bf605ed267b2be3d024eb90f,T1518.001,-1
01c0b7c5bf605ed267b2be3d024eb90f,T1497,-1
01c0b7c5bf605ed267b2be3d024eb90f,T1082,-1
01c0b7c5bf605ed267b2be3d024eb90f,T1016,-1
01c0b7c5bf605ed267b2be3d024eb90f,T1095,-1
01c0b7c5bf605ed267b2be3d024eb90f,T1071,-1
01c0b7c5bf605ed267b2be3d024eb90f,T1573,-1
01c0b7c5bf605ed267b2be3d024eb90f,T1564.001,1
01c0b7c5bf605ed267b2be3d024eb90f,T1064,0
01c0b7c5bf605ed267b2be3d024eb90f,T1497,5
01c0b7c5bf605ed267b2be3d024eb90f,T1222,1
01c0b7c5bf605ed267b2be3d024eb90f,T1036,1
01c0b7c5bf605ed267b2be3d024eb90f,T1562.001,5
01c0b7c5bf605ed267b2be3d024eb90f,T1056,-1
01c0b7c5bf605ed267b2be3d024eb90f,T1543.004,-1
01c0b7c5bf605ed267b2be3d024eb90f,T1543.001,-1
01c0b7c5bf605ed267b2be3d024eb90f,T1547.011,-1
70ba5b348e73cb9c4a70667953a01218,T1056,-1
70ba5b348e73cb9c4a70667953a01218,T1064,-1
70ba5b348e73cb9c4a70667953a01218,T1569.001,-1
70ba5b348e73cb9c4a70667953a01218,T1518.001,-1
70ba5b348e73cb9c4a70667953a01218,T1497,-1
70ba5b348e73cb9c4a70667953a01218,T1082,-1
70ba5b348e73cb9c4a70667953a01218,T1016,-1
70ba5b348e73cb9c4a70667953a01218,T1095,-1
70ba5b348e73cb9c4a70667953a01218,T1071,-1
70ba5b348e73cb9c4a70667953a01218,T1573,-1
70ba5b348e73cb9c4a70667953a01218,T1064,0
70ba5b348e73cb9c4a70667953a01218,T1497,5
70ba5b348e73cb9c4a70667953a01218,T1562.001,5
70ba5b348e73cb9c4a70667953a01218,T1036,1
70ba5b348e73cb9c4a70667953a01218,T1056,-1
202de13ae48ea82910170718c7291b2c,T1056,-1
202de13ae48ea82910170718c7291b2c,T1543.004,-1
202de13ae48ea82910170718c7291b2c,T1543.001,-1
202de13ae48ea82910170718c7291b2c,T1547.011,-1
202de13ae48ea82910170718c7291b2c,T1064,-1
202de13ae48ea82910170718c7291b2c,T1569.001,-1
202de13ae48ea82910170718c7291b2c,T1518.001,-1
202de13ae48ea82910170718c7291b2c,T1497,-1
202de13ae48ea82910170718c7291b2c,T1082,-1
202de13ae48ea82910170718c7291b2c,T1016,-1
202de13ae48ea82910170718c7291b2c,T1095,-1
202de13ae48ea82910170718c7291b2c,T1071,-1
202de13ae48ea82910170718c7291b2c,T1573,-1
202de13ae48ea82910170718c7291b2c,T1564.001,1
202de13ae48ea82910170718c7291b2c,T1064,0
202de13ae48ea82910170718c7291b2c,T1497,5
202de13ae48ea82910170718c7291b2c,T1036,1
202de13ae48ea82910170718c7291b2c,T1562.001,5
202de13ae48ea82910170718c7291b2c,T1056,-1
202de13ae48ea82910170718c7291b2c,T1543.004,-1
202de13ae48ea82910170718c7291b2c,T1543.001,-1
202de13ae48ea82910170718c7291b2c,T1547.011,-1
04e8a5c6e5797b0f436ca36452170a2f,T1114,-1
04e8a5c6e5797b0f436ca36452170a2f,T1059,-1
04e8a5c6e5797b0f436ca36452170a2f,T1010,-1
04e8a5c6e5797b0f436ca36452170a2f,T1018,-1
04e8a5c6e5797b0f436ca36452170a2f,T1057,-1
04e8a5c6e5797b0f436ca36452170a2f,T1083,-1
04e8a5c6e5797b0f436ca36452170a2f,T1497,-1
04e8a5c6e5797b0f436ca36452170a2f,T1497.003,-1
04e8a5c6e5797b0f436ca36452170a2f,T1518.001,-1
04e8a5c6e5797b0f436ca36452170a2f,T1082,-1
04e8a5c6e5797b0f436ca36452170a2f,T1518,-1
04e8a5c6e5797b0f436ca36452170a2f,T1095,-1
04e8a5c6e5797b0f436ca36452170a2f,T1071,-1
04e8a5c6e5797b0f436ca36452170a2f,T1055,5
04e8a5c6e5797b0f436ca36452170a2f,T1218.005,5
04e8a5c6e5797b0f436ca36452170a2f,T1497,5
04e8a5c6e5797b0f436ca36452170a2f,T1497.003,5
04e8a5c6e5797b0f436ca36452170a2f,T1036,1
04e8a5c6e5797b0f436ca36452170a2f,T1055,-1
52b0b06ab4cf6c6b1a13d8eec2705e3b,T1114,-1
52b0b06ab4cf6c6b1a13d8eec2705e3b,T1064,-1
52b0b06ab4cf6c6b1a13d8eec2705e3b,T1059.001,-1
52b0b06ab4cf6c6b1a13d8eec2705e3b,T1059,-1
52b0b06ab4cf6c6b1a13d8eec2705e3b,T1010,-1
52b0b06ab4cf6c6b1a13d8eec2705e3b,T1082,-1
52b0b06ab4cf6c6b1a13d8eec2705e3b,T1057,-1
52b0b06ab4cf6c6b1a13d8eec2705e3b,T1083,-1
52b0b06ab4cf6c6b1a13d8eec2705e3b,T1497,-1
52b0b06ab4cf6c6b1a13d8eec2705e3b,T1012,-1
52b0b06ab4cf6c6b1a13d8eec2705e3b,T1497.003,-1
52b0b06ab4cf6c6b1a13d8eec2705e3b,T1518.001,-1
52b0b06ab4cf6c6b1a13d8eec2705e3b,T1018,-1
52b0b06ab4cf6c6b1a13d8eec2705e3b,T1518,-1
52b0b06ab4cf6c6b1a13d8eec2705e3b,T1095,-1
52b0b06ab4cf6c6b1a13d8eec2705e3b,T1071,-1
52b0b06ab4cf6c6b1a13d8eec2705e3b,T1573,-1
52b0b06ab4cf6c6b1a13d8eec2705e3b,T1055,5
52b0b06ab4cf6c6b1a13d8eec2705e3b,T1564.001,1
52b0b06ab4cf6c6b1a13d8eec2705e3b,T1064,0
52b0b06ab4cf6c6b1a13d8eec2705e3b,T1218.005,5
52b0b06ab4cf6c6b1a13d8eec2705e3b,T1497,5
52b0b06ab4cf6c6b1a13d8eec2705e3b,T1497.003,5
52b0b06ab4cf6c6b1a13d8eec2705e3b,T1036,1
52b0b06ab4cf6c6b1a13d8eec2705e3b,T1562.001,5
52b0b06ab4cf6c6b1a13d8eec2705e3b,T1055,-1
704d491c155aad996f16377a35732cb4,T1497.001,-1
704d491c155aad996f16377a35732cb4,T1057,-1
704d491c155aad996f16377a35732cb4,T1016,-1
704d491c155aad996f16377a35732cb4,T1083,-1
704d491c155aad996f16377a35732cb4,T1082,-1
704d491c155aad996f16377a35732cb4,T1518,-1
704d491c155aad996f16377a35732cb4,T1071,-1
704d491c155aad996f16377a35732cb4,T1571,-1
704d491c155aad996f16377a35732cb4,T1573,-1
704d491c155aad996f16377a35732cb4,T1129,-1
704d491c155aad996f16377a35732cb4,T1113,-1
