Hash,MD5
e23900b00ffd67cd8dfa3283d9ced691566df6d63d1d46c95b22569b49011f09  ,  704d491c155aad996f16377a35732cb4
704d491c155aad996f16377a35732cb4  ,
d1410d073a6df8979712dd1b6122983f66d5bef8  ,
201c7cd10a2bd50dde0948d14c3c7a0732955c908a3392aee3d08b94470c9d33  ,  1c53e7269fe9d84c6df0a25ba59b822c
20abb95114de946da7595438e9edf0bf39c85ba8512709db7d5532d37d73bd64  ,  ef9db20ab0eebf0b7c55af4ec0b7bced
3c809a10106990ba93ec0ed3b63ec8558414c6680f6187066b1aacd4d8c58210  ,  77b50bb476a85a7aa30c962a389838aa
40ef57ca2a617f5d24ac624339ba2027b6cf301c28684bf8b2075fc7a2e95116  ,  ca67f84d5a4ac1459934128442c53b03
4bd7d801d7ce3fe9c2928dbc834b296e934473f5bbcc9a1fd18af5ebd43192cd  ,  3229a6cea658b1b3ca5ca9ad7b40d8d4
546dbd370a40c8e46f9b599a414f25000eec5ae6b3e046a035fe6e6cd5d874e1  ,  6ab301fc3296e1ceb140bf5d294894c5
675a35e04b19aab314bcbc4b1f2610e3dea4a80c277cc5188f1d1391a00dfdb1  ,  10b28da8eefac62ce282154f273b3e34
8c3e0204f52200325ed36db9b12aba1c5e46984d415514538a5bf10783cacdf8  ,  f5a4235ef02f34d547f71aa5434d9bb4
c9e3b83d77ce93cc1d70b22e967f049b13515c88572aa78e0a838103e5478777  ,  bfb41bc0c3856aa0a81a5256b7b8da51
d1d490866d4a4d29306f0d9300bffc1450c41bb8fd62371d29672bf9f747bf92  ,  bf474b8acd55380b1169bb949d60e9e4
e69d6c2d3e9c4beebee7f3a4a3892e5fdc601beda7c3ec735f0dfba2b29418a7  ,  60294c426865b38fde7c5031afc4e453
089e49de61701004a5eff6de65476ed9c7632b6020c2c0f38bb5761bca897359  ,  00b0cfb59b088b247c97c8fed383c115
a71017302e1745c8a3d6e425187eb23c7531551bb6f547e47198563a78e933b6  ,  aa7924157b77dd1ff749d474f3062f90
e088c3a0b0f466df5329d9a66ff618de3d468d8a5981715303babb1452631eef  ,  9722bc9e0efb4214116066d1ff14094c
F5A4235EF02F34D547F71AA5434D9BB4  ,
f5a4235ef02f34d547f71aa5434d9bb4  ,
338699d56f17ab91fa2da1cb446593c013ae1a01  ,
aa7924157b77dd1ff749d474f3062f90  ,
4f02a6bf2b24c371e9f589cff8e32b4d94cf4f29  ,
10B28DA8EEFAC62CE282154F273B3E34  ,
10b28da8eefac62ce282154f273b3e34  ,
25991d00eb1b1204b0066d5aeb79ac691047d7f0  ,
60294C426865B38FDE7C5031AFC4E453  ,
60294c426865b38fde7c5031afc4e453  ,
f8736e3f89f30f082cfd68a73763afcfb0e1c9c3  ,
00b0cfb59b088b247c97c8fed383c115  ,
0cdee734d3a17de0e81b9b2b0b36804d516c3212  ,
BF474B8ACD55380B1169BB949D60E9E4  ,
bf474b8acd55380b1169bb949d60e9e4  ,
c60c18fc0226a53be15637ee3ef0b73b0dabd854  ,
CA67F84D5A4AC1459934128442C53B03  ,
ca67f84d5a4ac1459934128442c53b03  ,
f4eb6a50c60320edafb3e48c612c6a55560d0684  ,
6AB301FC3296E1CEB140BF5D294894C5  ,
6ab301fc3296e1ceb140bf5d294894c5  ,
8d62498656db928f987b47bdbcfab5d6032be48a  ,
77b50bb476a85a7aa30c962a389838aa  ,
df466a1f473c7c5eba5f22d90822fd1430b6a244  ,
7429a6b6e8518a1ec1d1c37a8786359885f2fd4abde560adaef331ca9deaeefd  ,  c68578c2f554dd4035d61a0bf31b50cb
3229A6CEA658B1B3CA5CA9AD7B40D8D4  ,
3229a6cea658b1b3ca5ca9ad7b40d8d4  ,
70730e608e2fcc68ce468ed148e965c5bacfb51c  ,
BFB41BC0C3856AA0A81A5256B7B8DA51  ,
bfb41bc0c3856aa0a81a5256b7b8da51  ,
cb96e29332fe94d1a70309837f73daf7bec81284  ,
9722bc9e0efb4214116066d1ff14094c  ,
41a938499048a6ad8034d09e2fbb893da8f13ca9  ,
EF9DB20AB0EEBF0B7C55AF4EC0B7BCED  ,
ef9db20ab0eebf0b7c55af4ec0b7bced  ,
0202942d11c994cece943bb873f3af156d820f59  ,
1C53E7269FE9D84C6DF0A25BA59B822C  ,
1c53e7269fe9d84c6df0a25ba59b822c  ,
b775d753671133cbc4919764d2fac0d298166b07  ,
05feed9762bc46b47a7dc5c469add9f163c16df4ddaafe81983a628da5714461  ,  23e27e5482e3f55bf828dab885569033
0608e411348905145a267a9beaf5cd3527f11f95c4afde4c45998f066f418571  ,  34e56056e5741f33d823859e77235ed9
084b21bc32ee19af98f85aee8204a148032ce7eabef668481b919195dd62b319  ,  170a55f7c0448f1741e60b01dcec9cfb
12480585e08855109c5972e85d99cda7701fe992bc1754f1a0736f1eebcb004d  ,  868036e102df4ce414b0e6700825b319
1a01b8a4c505db70f9e199337ce7f497b3dd42f25ad06487e29385580bca3676  ,  07d2b057d2385a4cdf413e8d342305df
2151c1977b4555a1761c12f151969f8e853e26c396fa1a7b74ccbaf3a48f4525  ,  5c3898ac7670da30cf0b22075f3e8ed6
32ec329301aa4547b4ef4800159940feb950785f1ab68d85a14d363e0ff2bc11  ,  38fc56965dccd18f39f8a945f6ebc439
4a74a9fd40b63218f7504f806fce71dffefc1b1d6ca4bbaadd720b6a89d47761  ,  42682d4a78fe5c2eda988185a344637d
4c372df691fc699552f81c3d3937729f1dde2a2393f36c92ccc2bd2a033a0818  ,  c5dc53a540abe95e02008a04a0d56d6c
70034b33f59c6698403293cdc28676c7daa8c49031089efa6eefce41e22dccb3  ,  61e3571b8d9b2e9ccfadc3dde10fb6e1
73dcb7639c1f81d3f7c4931d32787bdf07bd98550888c4b29b1058b2d5a7ca33  ,  3edce4d49a2f31b8ba9bad0b8ef54963
83228075a604e955d59edc760e4c4ed16eedabfc8f6ac291cf21b4fcbcd1f70a  ,  3021b9ef74c7bddf59656a035f94fd08
8a1d57ee05d29a730864299376b830a7e127f089e500e148d96d0868b7c5b520  ,  5c0c1b4c3b1cfd455ac05ace994aed4b
b05aae59b3c1d024b19c88448811debef1eada2f51761a5c41e70da3db7615a9  ,  2ff1688fe866ec2871169197f9d46936
b9a26a569257fbe02c10d3735587f10ee58e4281dba43474dbdef4ace8ea7101  ,  2a791769aa73ac757f210f8546125b57
c66ef8652e15b579b409170658c95d35cfd6231c7ce030b172692f911e7dcff8  ,  e4ed26d5e2a84cc5e48d285e4ea898c0
d77fdabe17cdba62a8e728cbe6c740e2c2e541072501f77988674e07a05dfb39  ,  f8d26f2b8dd2ac4889597e1f2fd1f248
ddea408e178f0412ae78ff5d5adf2439251f68cad4fd853ee466a3c74649642d  ,  be588cd29b9dc6f8cfc4d0aa5e5c79aa
f8f7720785f7e75bd6407ac2acd63f90ab6c2907d3619162dc41a8ffa40a5d03  ,  d2da675a8adfef9d0c146154084fff62
fe43bc385b30796f5e2d94dfa720903c70e66bc91dfdcfb2f3986a1fea3fe8c5  ,  f315be41d9765d69ad60f0b4d29e4300
49757cf85657757704656c079785c072bbc233cab942418d99d1f63d43f28359  ,  dc268b166fe4c1d1c8595dccf857c476
70902623c9cd0cccc8513850072b70732d02c266c7b7e96d2d5b2ed4f5edc289  ,  ae829f55db0198a0a36b227addcdeeff
96a296d224f285c67bee93c30f8a309157f0daa35dc5b87e410b78630a09cfc7  ,  c4103f122d27677c9db144cae1394a66
cd5ff67ff773cc60c98c35f9e9d514b597cbd148789547ba152ba67bfc0fec8f  ,  0893e206274cb98189d51a284c2a8c83
23E27E5482E3F55BF828DAB885569033  ,
23e27e5482e3f55bf828dab885569033  ,
139b25e1ae32a8768238935a8c878bfbe2f89ef4  ,
5C3898AC7670DA30CF0B22075F3E8ED6  ,
5c3898ac7670da30cf0b22075f3e8ed6  ,
91110c569a48b3ba92d771c5666a05781fdd6a57  ,
ae829f55db0198a0a36b227addcdeeff  ,
04833210fa57ea70a209520f4f2a99d049e537f2  ,
C5DC53A540ABE95E02008A04A0D56D6C  ,
c5dc53a540abe95e02008a04a0d56d6c  ,
4cfe9e353b1a91a2add627873846a3ad912ea96b  ,
BE588CD29B9DC6F8CFC4D0AA5E5C79AA  ,
be588cd29b9dc6f8cfc4d0aa5e5c79aa  ,
06be4fe1f26bc3e4bef057ec83ae81bd3199c7fc  ,
868036E102DF4CE414B0E6700825B319  ,
868036e102df4ce414b0e6700825b319  ,
7f1e68d78e455aa14de9020abd2293c3b8ec6cf8  ,
890d3928be0f36b1f4dcfffb20ac3747a31451ce010caba768974bfccdc26e7c  ,  a1e0e92a825d5dad7785fe9447c96b2e
dc268b166fe4c1d1c8595dccf857c476  ,
8264556c8a6e460760dc6bb72ecc6f0f966a16b8  ,
42682D4A78FE5C2EDA988185A344637D  ,
42682d4a78fe5c2eda988185a344637d  ,
4975de2be0a1f7202037f5a504d738fe512191b7  ,
3021b9ef74c7bddf59656a035f94fd08  ,
05ad5f346d0282e43360965373eb2a8d39735137  ,
61E3571B8D9B2E9CCFADC3DDE10FB6E1  ,
61e3571b8d9b2e9ccfadc3dde10fb6e1  ,
55daa1fca210ebf66b1a1d2db1aa3373b06da680  ,
0893e206274cb98189d51a284c2a8c83  ,
d1f4cf4250e7ba186c1d0c6d8876f5a644f457a4  ,
c4103f122d27677c9db144cae1394a66  ,
1489f923c4dca729178b3e3233458550d8dddf29  ,
028f5531e8593ce6faf30dd5c5131abf1400fc4deb4d322f3f39578f14348be1  ,  3209b6cc34f40e1180ce453e846050bf
132fde08d7f788dece120e98bf6c794bafb655959764798ead053b872d097638  ,  e8f16f5d99a7ec66f14a050944d7b8b0
200608c94d52d33ff86b8f4db28451752eeae7c70062488f380f112e11b4350a  ,  21c1799848b62c5fd56ea6c3632e981e
2d07a41ae992770085117e9815300bfd0730745883e60b24aaad5e69dfc087ae  ,  13a95890b5f0947d6f058ca9c30a3e01
3d1066ae1cd00d635b2131664a7d0d5483554901ed6aae9d627b697ecb02718e  ,  8cb95838f8fb6bc5e59e1ea5c79ce6eb
5309e677c79cffae49a65728c61b436d3cdc2a2bab4c81bf0038415f74a56880  ,  820a81e0916bac82838fd7e74ab29b15
c35020473aed1b4642cd726cad727b63fff2824ad68cedd7ffb73c7cbd890479  ,  bb7df04e1b0a2570657527a7e108ae23
F8D26F2B8DD2AC4889597E1F2FD1F248  ,
f8d26f2b8dd2ac4889597e1f2fd1f248  ,
dd132f76a4aff9862923d6a10e54dca26f26b1b4  ,
2A791769AA73AC757F210F8546125B57  ,
2a791769aa73ac757f210f8546125b57  ,
269f1cc44f6b323118612bde998d17e5bfbf555e  ,
07D2B057D2385A4CDF413E8D342305DF  ,
07d2b057d2385a4cdf413e8d342305df  ,
1991e7797b2e97179b7604497f7f6c39eba2229b  ,
3EDCE4D49A2F31B8BA9BAD0B8EF54963  ,
3edce4d49a2f31b8ba9bad0b8ef54963  ,
1209582451283c46f29a5185f451aa3c989723c9  ,
170A55F7C0448F1741E60B01DCEC9CFB  ,
170a55f7c0448f1741e60b01dcec9cfb  ,
b6b84783816cca123adbc18e78d3b847f04f1d32  ,
E4ED26D5E2A84CC5E48D285E4EA898C0  ,
e4ed26d5e2a84cc5e48d285e4ea898c0  ,
c3d28d8e49a24a0c7082053d22597be9b58302b1  ,
F315BE41D9765D69AD60F0B4D29E4300  ,
f315be41d9765d69ad60f0b4d29e4300  ,
f60c2bd78436a14e35a7e85feccb319d3cc040eb  ,
D2DA675A8ADFEF9D0C146154084FFF62  ,
d2da675a8adfef9d0c146154084fff62  ,
c55d080ea24e542397bbbfa00edc6402ec1c902c  ,
38FC56965DCCD18F39F8A945F6EBC439  ,
38fc56965dccd18f39f8a945f6ebc439  ,
50736517491396015afdf1239017b9abd16a3ce9  ,
5C0C1B4C3B1CFD455AC05ACE994AED4B  ,
5c0c1b4c3b1cfd455ac05ace994aed4b  ,
69cda1f1adeeed455b519f9cf188e7787b5efa07  ,
34E56056E5741F33D823859E77235ED9  ,
34e56056e5741f33d823859e77235ed9  ,
fcc2dcbac7d3cbcf749f6aab2f37cc4b62d0bb64  ,
2FF1688FE866EC2871169197F9D46936  ,
2ff1688fe866ec2871169197f9d46936  ,
6dc37ff32ea70cbd0078f1881a351a0a4748d10e  ,
7cf5d86cc75cd8f0e22e35213a9c051b740bd4667d9879a446f06277782bffd1  ,  0ba6bb2ad05d86207b5303657e3f6874
a1260fd3e9221d1bc5b9ece6e7a5a98669c79e124453f2ac58625085759ed3bb  ,  8d9123cd2648020292b5c35edc9ae22e
8d9123cd2648020292b5c35edc9ae22e  ,
0939363ff55d914e92635e5f693099fb28047602  ,
0BA6BB2AD05D86207B5303657E3F6874  ,
0ba6bb2ad05d86207b5303657e3f6874  ,
ad44567c8709df4889d381a0a64cc4b49e5004c3  ,
3D311117D09F4A6AD300E471C2FB2B3C63344B1D  ,  20183332c370b9d35d368083ecb74d22
3ABFEC6FC3445759730789D4322B0BE73DC695C7  ,  4a4662e73ab3a2c37e10dbe41e195041
0fc12e03ee93d19003b2dd7117a66a3da03bd6177ac6eb396ed52a40be913db6  ,  b1dd2c73b3c13a147828f7bb4389d241
6a3446b8a47f0ab4f536015218b22653fff8b18c595fbc5b0c09d857eba7c7a1  ,  e7aa0237fc3db67a96ebd877806a2c88
7933716892e0d6053057f5f2df0ccadf5b06dc739fea79ee533dd0cec98ca971  ,  56470e113479eacda081c2eeead153bf
58027c80c6502327863ddca28c31d352e5707f5903340b9e6ccc0997fcb9631d  ,  6c2d15114ebdd910a336b6b147512a74
8b53b519623b56ab746fdaf14d3eb402e6fa515cde2113a07f5a3b4050e98050  ,  63d155f889e09272d85cfd9dfc266131
bdfd16dc53f5c63da0b68df71c6e61bad300e59fd5748991a6b6a3650f01f9a1  ,  e7718609577c6e34221b03de7e959a8c
d5186efd8502a3a99a66729cb847d3f4be8937a3fec1c2655b6ea81f57a314f5  ,  c2c5751cdfdbe9fac44337d4cb6e74e4
56470e113479eacda081c2eeead153bf  ,
c70edfaf2c33647d531f7df76cd4e5bb4e79ea2e  ,
e7aa0237fc3db67a96ebd877806a2c88  ,
0ecc687d741c7b009c648ef0de0a5d47213f37ff  ,
d41d8cd98f00b204e9800998ecf8427e  ,  d41d8cd98f00b204e9800998ecf8427e
e7718609577c6e34221b03de7e959a8c  ,
97d24ac0d773f6260ab512fa496099b3289210db  ,
0FC12E03EE93D19003B2DD7117A66A3DA03BD6177AC6EB396ED52A40BE913DB6  ,
b1dd2c73b3c13a147828f7bb4389d241  ,
5275449d25a64e7415c1c1e727a0af76b08c2811  ,
c2c5751cdfdbe9fac44337d4cb6e74e4  ,
02678efe715ff2658c6a4c2b596046b744a8b222  ,
6c2d15114ebdd910a336b6b147512a74  ,
9feef1eed2a8a5cbfe1c6478f2740d8fe63305e2  ,
63d155f889e09272d85cfd9dfc266131  ,
3f6ef29b86bf1687013ae7638f66502bcf883bfd  ,
2AC42D9A11B67E8AF7B610AA59AADCF1BD5EDE3B  ,  8f67b858fac3f3b9acbadefbacd5aa0b
560071EF47FE5417FFF62CB5C0E33B0757D197FA  ,  e1b49de17d8bc4f9420df8ab6b684159
4C688493958CC7CCCFCB246E706184DD7E2049CE  ,  4623f860c600fa6535b911cff64ab3c4
9C0D839D1F3DA0577A123531E5B4503587D62229  ,  9308c2c452960b1b5efb0d5029ffdfd3
DA1FDA04D4149EBF93756BCEF758EB860D0791B0  ,  a13e3e24b81e127da91a85fe32768acd
F6CD98A16E8CC2DD3CA1592D9911489BB20D1380  ,  f241140158f4e7cf0e3d35f8688c89e8
17e5e9fcd31ba8df50ef5474c27121615d704b8f  ,  25e12c24e678028acafb88017f8c14ea
588a298b51921f4ee8f6fb7ec837f80039328afe  ,  29e273fcfee8c5a90f4de6214a0fde87
03138278b603bc120b2cba001a8adb0b2d7d82ea  ,  64b59c0b9ca32d9427619161e3cf8a6c
29ddf9baad018518060814a03d424f4e08a0e914  ,  86685ec8c3c717aa2a9702e2c9dec379
8c6d92becc487dc0043e446f99f165b06af36d72  ,  778a7ed1aa3ce2d8eb719765cac3c166
f744f5f97ace1a4862e764971449c28c4b880e8f  ,  a8b6ec51ed88c0329fd3329cb615bbc9
7202fea74865e085104f839574cd150613fbcf99  ,  117fa0b8b8b965680c7b630c6e2bf01d
e211559f3dfc6db100958b8c12e20f064111f26a  ,  ef118025c43889f0fb9d5c816e815981
49379896fa096f523e55f8daf1db00cf262852da  ,  28ef91c65dc459592d02a198b0a446f0
84f3437bbccb514d639c0a6134298261aefb457e  ,  f1c263545ccb99b70696083187188a5b
ef0c0ef95b1542184a6a1f4d1f4ece583046ba0a  ,  db590ea77a92ae6435e2ec954d065ed4
0faf5540bcb8782dd70bcb31f3aa9baf7e65a043  ,  4b66ddd221cb47869808eb96c0cbadbb
5692a8fb1e5c1f0802c8e552dd043087e2914aa7  ,  7f035be4590a624a9dc816176af942da
b5e134bc58f8eda4efd99a45628eb433c4bcbc19  ,  1bad6702b4a40e4e48be86e7d0e8b17b
fe0f8a37887c8f8fb5eb3e8252a8df395b3e66e7  ,  0856655351acffa1ee459eeeaf164756
3a25b9bd8c0995c5a2e2a3a31fe4691a18d44e72  ,  a230075620550c7093ca1d37a2bd6978
b233b56cd9a11a273df389b98431f1deb8ab7e12  ,  b578ccf307d55d3267f98349e20ecff1
78925505b266e973ad7b5ec5b28c0f77cd65a628  ,  e1068cacba806002b1cba6ebfb35e4f4
2c879a1d4b6334c59ac5f11c2038d273d334befe  ,  d2de01858417fa3b580b3a95857847d5
04d70bb249206a006f83db39bbe49ff6e520ea329e5fbb9c758d426b1c8dec30  ,  96071956d4890aebea14ecd8015617cc
1ea6b3e99bbb67719c56ad07f5a12501855068a4a866f92db8dcdefaffa48a39  ,  688890ddbf532a4de7c83a58e6aa594f
618a67048d0a9217317c1d1790ad5f6b044eaa58a433bd46ec2fb9f9ff563dc6  ,  0ae8a7b6b4d70c0884095629fc02c19c
738ba44188a93de6b5ca7e0bf0a77f66f677a0dda2b2e9ef4b91b1c8257da790  ,  c51416635e529183ca5337fade82758a
b6811b42023524e691b517d19d0321f890f91f35ebbdf1c12cbb92cda5b6de32  ,  26520499a3fc627d335e34586e99de7a
133820ebac6e005737d5bb97a5db549490a9f210f4e95098bc9b0a7748f52d1f  ,  a21171923ec09b9569f2baad496c9e16
43193c4efa8689ff6de3fb18e30607bb941b43abb21e8cee0cfd664c6f4ad97c  ,  83833f8dbdd6ecf3a1212f5d1fc3d9dd
688890DDBF532A4DE7C83A58E6AA594F  ,
688890ddbf532a4de7c83a58e6aa594f  ,
d8f6a7f32c929ce9458691447ff1cf6d180588c8  ,
0AE8A7B6B4D70C0884095629FC02C19C  ,
0ae8a7b6b4d70c0884095629fc02c19c  ,
9efa2d68932ff24cb18eb7e35aa5f91ce99596e8  ,
c573bd7cea296a9c5d230ca6b5aee1a6  ,  c573bd7cea296a9c5d230ca6b5aee1a6
26520499A3FC627D335E34586E99DE7A  ,
26520499a3fc627d335e34586e99de7a  ,
df10c097e42dbe7ea4478a984c5e2ab586147519  ,
C51416635E529183CA5337FADE82758A  ,
c51416635e529183ca5337fade82758a  ,
830368d88b661d09c084e484713effb8d230d328  ,
1f354d76203061bfdd5a53dae48d5435  ,  1f354d76203061bfdd5a53dae48d5435
96071956D4890AEBEA14ECD8015617CC  ,
96071956d4890aebea14ecd8015617cc  ,
49e16180795034a4888fff776968e29871f79340  ,
52f93ebec3bc0c9da8e85ddf5ad812f4  ,  52f93ebec3bc0c9da8e85ddf5ad812f4
83833f8dbdd6ecf3a1212f5d1fc3d9dd  ,
77a2272633eb64e4c16f8ea4466dba59ecc92292  ,
a21171923ec09b9569f2baad496c9e16  ,
35ba8e39e6c8234ad55baf27130bb696179b7681  ,
44a93ea6e6796530bb3cf99555dfb3b1092ed8fb4336bb198ca15b2a21d32980  ,  4e595db3b612e1e9da90a0ef7d740792
823d255d3dc8cbc402527072a9220e4c38655de1a3e55a465db28b55d3ac1bf8  ,  894b81b907c23f927a3f38cfd30f32da
ba80cb0a08908782f4b6e88aa15e2d306b19bc93e79bd8770bf8be904fd1bd09  ,  3dbd47cc12c2b7406726154e2e95a403
ad7facb2586fc6e966c004d7d1d16b024f5805ff7cb47c7a85dabd8b48892ca7  ,  620f0b67a91f7f74151bc5be745b7110
3dbd47cc12c2b7406726154e2e95a403  ,
afaa88c46666e5684b89b94ef2c4bc82e4c00845  ,
4e595db3b612e1e9da90a0ef7d740792  ,
1483720917e754d05818e64ae07b320ffbdf4d78  ,
894b81b907c23f927a3f38cfd30f32da  ,
411a320c389e492bf41eb6c5708809721f28a81f  ,
1177105e51fa02f9977bd435f9066123ace32b991ed54912ece8f3d4fbeeade4  ,  4d30612a928faf7643b14bd85d8433cc
588cdbd3ee3594525eb62fa7bab148f6d7ab000737fc0c311a5588dc96794acc  ,  fb84a392601fc19aeb7f8ce11b3a4907
f4765f7b089d99b1cdcebf3ad7ba7e3e23ce411deab29b7afd782b23352e698f  ,  f3fcb306cb93489f999e00a7ef63536b
5c2f339362d0cd8e5a8e3105c9c56971087bea2701ea3b7324771b0ea2c26c6c  ,  fdc66cdabd46bc3b26aba4e59943726b
ed5fbefd61a72ec9f8a5ebd7fa7bcd632ec55f04bdd4a4e24686edccb0268e05  ,  118cfa75e386ed45bec297f8865de671
b59e8f44822ad6bc3b4067bfdfd1ad286b8ba76c1a3faff82a3feb7bdf96b9c5  ,  0812ce08a75e5fc774a114436e88cd06
6310cd9f8b6ae1fdc1b55fe190026a119f7ea526cd3fc22a215bda51c9c28214  ,  1bb267c96ec2925f6ae3716d831671cf
0996a8e5ec1a41645309e2ca395d3a6b766a7c52784c974c776f258c1b25a76c  ,  f4d46629ca15313b94992f3798718df7
4da0ac4c3f47f69c992abb5d6e9803348bf9f3c6028a7214dcabec9a2e729b99  ,  df1e7a42c92ecb01290d896dca4e5faa
ab194f2bad37bffd32fae9833dafaa04c79c9e117d86aa46432eadef64a43ad6  ,  145735911e9c8bafa4c9c1d7397199fc
4d03a981bed15a3bd91f36972d7391b39791c582bb2959a9be154a74bd64db31  ,  3bf9b83e00544ac383aaef795e3ded78
4aadf767491077ab83c6436cf108b014fc0bf8c3bd01cc6087a0f2b80564bc08  ,  5c41cbf8a7620e10f158f6b70963d1cb
1f8dcfaebbcd7e71c2872e0ba2fc6db81d651cf654a21d33c78eae6662e62392  ,  4df757390adf71abdd084d3e9718c153
f32f6b229913d68daad937cc72a57aa45291a9d623109ed48938815aa7b6005c  ,  505262547f8879249794fc31eea41fc6
d231f3b6d6e4c56cb7f149cbc0178f7b80448c24f14dced5a864015512b0ba1f  ,  abaeecd83a585ec0c5f1153199938e83
ed11e94fd9aa3c7d4dd0b4345c106631fe52929c6e26a0daec2ed7d22e47ada0  ,  525cc10803d9858fca5dc4010925ba68
da787cf1f4fd829dd4a7637bec392438b793c5f9c920560197545d20b58691af  ,  fffad123bd6df76f94ffc9b384a067fc
fec82f2542d7f82e9fce3e16bfa4024f253adee7121973bd9d67a3c79441b83c  ,  92e34e16ea05360adab1e66521b989c4
69bac736f42e37302db7eca68b6fc138c3aa9a5c902c149e46cce8b42b172603  ,  159ad2afcab80e83397388e495d215a5
8b3c8046fa776b70821b7e50baa772a395d3d245c10bdaa4b6171e0c5ce3f717  ,  7b81ea543bb57d2b6db1610d8b424e95
b0d6aee39e988196fdc821895a1f1aa63d1c032ea880c26a15c857068f34bfd9  ,  bf4a822f04193b953689e277a9e1f4f1
0e447797aa20bff416073281adb09b73c15433ab855b5cdb2d883f8c2af9c414  ,  67220baf2a415876bee2d43c11f6e9ad
f13aff9e1192c081c012f974b29bf60487385eed644d506d7f82b3538c2b035f  ,  38917e8aa02b58b09401383115ab549e
9137e886e414b12581852b96a1d90ee875053f16b79be57694df9f93f3ead506  ,  ef3a6978c7d454f9f6316f2d267f108d
d26987b705f537b10a11fb9913d0acc0218a0c0ae5f27e6f821d6d987b1cd4c7  ,  33c2e887c3d337eeffbbd8745bfdfc8f
868a62feff8b46466e9d63b83135a7987bf6d332c13739aa11b747b3e2ad4bbf  ,  6e710f6f02fdde1e4adf06935a296fd8
87f389d8f3a63f0879aa9d9dfbbd2b2c9cf678b871b704a01b39e1eaa234020c  ,  eef723ff0b5c0b10d391955250f781b3
2f53109e01c431c1c1acec667adee07cf907cdc4d36429022f915654c9b7113b  ,  fc3c31bbdbeee99aba5f7a735fac7a7e
ebe4befd2a7f941baa65248d5dea09de809e638ec8e8caffae322aa3b6863c1c  ,  569246a3325effa11cb8ff362428ab2c
1892b72c053ab48edae8305ef449f2b5391921efea8b1d7c37d6d29f59edc92e  ,  5b387a9130e9b9782ca4c225c8e641b3
e83f5e0a51845d7078a3aca8ca7a5b786e8bdf284efd3e08b3472dbf3e098930  ,  8b378eabcec13c3c925cc7ca4d191f5f
d0fa0bfef8b199a42f4f33145274576e5a7edeb5522fb342af41fdc16e9021e2  ,  d63bb2c5cd4cfbe8fabf1640b569db6a
f62adc678eaadc019277640e6695143a45336c2f91019f5d9308812db1d07285  ,  3b494133f1a673b2b04df4f4f996a25d
0dc3f66f4af3250f56a32f8e1b9e772c514f74718358d19c195e3950d370ea01  ,  d1a99087fa3793fbc4d0adb26e87efce
7d7dc8125a26d9515d90a66bfd20d609820197c879030cb932d39b1c2998e9d4  ,  62eae43a36cbc4ed935d8df007f5650b
fe1a734019f0dc714bd3360e2369853ea97c02f108afe963769318934470967b  ,  e7caf25de7ce463a6f22ecb8689389ad
e13888eed2466efaae729f16fc8e348fbabea8d7acd6db4e062f6c0930128f8f  ,  e5ff537666b387c39a406cbbb359b2ed
9c906c2f3bfb24883a8784a92515e6337e1767314816d5d9738f9ec182beaf44  ,  8ed89d14dee005ea59634aade15dba97
75bf8feeac2b5b1690feab45155a6b97419d6d1b0d36083daccb061dc5dbdea8  ,  058542975392c9636371b88a3f6142d7
963e8cfaa40226ba2e5d516464572446  ,  963e8cfaa40226ba2e5d516464572446
12011c44955fd6631113f68a99447515  ,  12011c44955fd6631113f68a99447515
4f4f8cf0f9b47d0ad95d159201fe7e72fbc8448d  ,
c92c158d7c37fea795114fa6491fe5f145ad2f8c08776b18ae79db811e8e36a3  ,
6e815cacb43c9bc055399a4fd4922ebc  ,  6e815cacb43c9bc055399a4fd4922ebc
fe1894d343484cb3dc7ec16bef8252bd64cb7b6e  ,
1174fd03271f80f5e2a6435c72bdd0272a6e3a37049f6190abf125b216a83471  ,
8ed89d14dee005ea59634aade15dba97  ,
ea93acf0c278dd59e29ae1402d35db8e0f3ae966  ,
058542975392c9636371b88a3f6142d7  ,
e8cdac8acff9a39d016095c165b7c366e93adec5  ,
e5ff537666b387c39a406cbbb359b2ed  ,
4610a559b21b7e5e62925c115863e82ffa0b8977  ,
994c02f8c721254a959ed9bc823ab94b  ,  994c02f8c721254a959ed9bc823ab94b
610960413c81cf391a8f28fb83b2482f446953ca  ,
17f1c3dc3ad9e0e87e6a131bd93d12c074b443f365eea2e720b9d9939f9ce22e  ,
bc731ade86b380e87eb6188b7f2b4255  ,  bc731ade86b380e87eb6188b7f2b4255
3ccec13409045f9a6903a3bee1db474c75f959fe  ,
c3a6e07ab16c8c887368ec65bed759f4690efcb539eb6a0904db005d1fe25427  ,
fc64890ac49970cccdc80826d40e50f50b5d5b6f  ,
7434c5de43c561780965ba8897a27caaa12944b7b3b135952e622da7189a5f9e  ,
BF98EA1326E5F8C351E68C79B5D1E0164C7BE728  ,  ee192cbd57d64b0126e622d1e65bb377
cef99063e85af8b065de0ffa9d26cb03  ,  cef99063e85af8b065de0ffa9d26cb03
6de65fc57a4428ad7e262e980a7f6cc7  ,  6de65fc57a4428ad7e262e980a7f6cc7
8910bdaaa6d3d40e9f60523d3a34f914  ,  8910bdaaa6d3d40e9f60523d3a34f914
bea49839390e4f1eb3cb38d0fcaf897e  ,  bea49839390e4f1eb3cb38d0fcaf897e
80c0efb9e129f7f9b05a783df6959812  ,  80c0efb9e129f7f9b05a783df6959812
403ad5ef66f3932e548e29e1b6a2cb4f  ,  403ad5ef66f3932e548e29e1b6a2cb4f
f05437d510287448325bac98a1378de1  ,  f05437d510287448325bac98a1378de1
22a968beda8a033eb31ae175b7e0a937  ,  22a968beda8a033eb31ae175b7e0a937
C948AE14761095E4D76B55D9DE86412258BE7AFD  ,  c996d7971c49252c582171d9380360f2
07b10c5a772f6f3136eb58a7034bcb5ce71c0c740aaa528d3bae318d939b2242  ,  2214d7be0f052cc284c64438a1782a77
35d38eed9168c16d2dd595fa9542a411080d12de971ea3d3c12dd5c44e454049  ,  4a08178e0e446798ae185ef42354815c
5fce9f27326549cc6091ba1f806e7c161878a2642411a941ba484b0c1c7adb8f  ,  43b3a19fa14d6c1a53ea37020e153b68
D7BF702F56CA53140F4F03B590E9AFCBC83809DB  ,  01c0b7c5bf605ed267b2be3d024eb90f
0AA94D8DF1840D734F25426926E529588502BC08  ,  70ba5b348e73cb9c4a70667953a01218
C3E48C2A2D43C752121E55B909FC705FE4FDAEF6  ,  202de13ae48ea82910170718c7291b2c
04e8a5c6e5797b0f436ca36452170a2f  ,  04e8a5c6e5797b0f436ca36452170a2f
924be824edb54f917d52e43a551c0eb2848cad8f  ,
2f6c1def83936139425edfd611a5a1fbaa78dfd3997efec039f9fd3338360d25  ,
dfdde88da020e584038d2656d0e3d48cfae27b1a  ,  52b0b06ab4cf6c6b1a13d8eec2705e3b
